✔ [5/8] Built Cslib.Foundations.Lint.Basic (941ms)
✔ [33/72] Built Mathlib.Tactic.Linter.DirectoryDependency (859ms)
✔ [198/254] Built Mathlib.Tactic.Linter.Header (957ms)
✔ [200/254] Built Aesop.Search.Queue (812ms)
✔ [201/254] Built Aesop.Frontend.Attribute (936ms)
✔ [202/254] Built Mathlib.Tactic.DeclarationNames (769ms)
✔ [203/254] Built Mathlib.Tactic.TypeStar (711ms)
✔ [204/254] Built Mathlib.Util.ParseCommand (835ms)
✔ [205/254] Built Mathlib.Tactic.Linter.TacticDocumentation (754ms)
✔ [206/254] Built Aesop.Frontend.Command (1.5s)
✔ [207/254] Built Mathlib.Lean.Environment (756ms)
✔ [208/254] Built Mathlib.Tactic.Linter.PrivateModule (781ms)
✔ [209/254] Built Mathlib.Tactic.Linter.UnusedTacticExtension (1.0s)
✔ [210/254] Built Mathlib.Lean.Elab.Tactic.Meta (721ms)
✔ [211/254] Built Mathlib.Tactic.Linter.Whitespace (1.5s)
✔ [212/254] Built Mathlib.Tactic.Linter.OldObtain (816ms)
✔ [213/254] Built Mathlib.Tactic.MinImports (1.6s)
✔ [214/254] Built Mathlib.Tactic.Linter.GlobalAttributeIn (780ms)
✔ [215/254] Built Mathlib.Tactic.Linter.Multigoal (1.0s)
✔ [216/254] Built Mathlib.Tactic.Linter.EmptyLine (949ms)
✔ [217/254] Built Mathlib.Lean.Expr.Basic (1.3s)
✔ [219/254] Built Mathlib.Tactic.Linter.HashCommandLinter (1.1s)
✔ [220/254] Built Mathlib.Tactic.Lemma (613ms)
✔ [221/254] Built Mathlib.Tactic.Linter.AuxLemma (725ms)
✔ [222/254] Built Mathlib.Tactic.Linter.DocString (1.1s)
✔ [223/254] Built Mathlib.Lean.Linter (690ms)
✔ [224/254] Built Mathlib.Tactic.AdaptationNote (780ms)
✔ [225/254] Built Mathlib.Tactic.Linter.DocPrime (1.3s)
✔ [226/254] Built Mathlib.Tactic.Linter.DeprecatedSyntaxLinter (1.3s)
✔ [227/254] Built Aesop.BuiltinRules.Subst (896ms)
✔ [228/254] Built Aesop.BuiltinRules.Rfl (751ms)
✔ [229/254] Built Aesop.BuiltinRules.Split (833ms)
✔ [230/254] Built Mathlib.Tactic.Linter.FlexibleLinter (2.3s)
✔ [231/254] Built Aesop.BuiltinRules.Intros (813ms)
✔ [232/254] Built Aesop.BuiltinRules.Ext (822ms)
✔ [233/277] Built Aesop.BuiltinRules.ApplyHyps (890ms)
✔ [234/277] Built Aesop.BuiltinRules.DestructProducts (1.0s)
✔ [253/277] Built Aesop.BuiltinRules.Assumption (1.0s)
✔ [257/301] Built Mathlib.Lean.Elab.InfoTree (735ms)
✔ [258/301] Built Mathlib.Tactic.Linter.Lint (882ms)
✔ [274/426] Built Mathlib.Lean.ContextInfo (879ms)
✔ [275/426] Built Mathlib.Tactic.Linter.UnusedTactic (1.0s)
✔ [282/464] Built Mathlib.Tactic.ExtractGoal (1.2s)
✔ [283/464] Built Aesop.BuiltinRules (730ms)
✔ [304/1124] Built Mathlib.Tactic.Linter.Style (1.0s)
✔ [305/1235] Built Mathlib.Tactic.Linter.UnusedInstancesInType (1.1s)
✔ [307/1322] Built Mathlib.Tactic.Lift (1.1s)
✔ [308/1322] Built Mathlib.Tactic.Linter.MinImports (1.1s)
✔ [309/1462] Built Mathlib.Tactic.TacticAnalysis (1.1s)
✔ [310/1705] Built Mathlib.Util.PrintSorries (882ms)
✔ [313/1972] Built Aesop.Search.Main (3.7s)
✔ [314/1972] Built Mathlib.Data.Ineq (502ms)
✔ [316/2381] Built Aesop.Saturate (6.5s)
✔ [320/3034] Built ProofWidgets.Component.RefreshComponent (880ms)
✔ [321/3034] Built Mathlib.Tactic.Linter.CommandStart (441ms)
✔ [322/3279] Built Mathlib.Tactic.Linter.OverlappingInstances (1.4s)
✔ [327/3521] Built Aesop.Main (953ms)
✔ [328/3521] Built Aesop.Frontend.Saturate (843ms)
✔ [329/3521] Built Mathlib.Tactic.TacticAnalysis.Declarations (1.7s)
✔ [330/3521] Built Aesop.Frontend (472ms)
✔ [331/3521] Built Mathlib.Init (620ms)
✔ [332/3521] Built Aesop (884ms)
✔ [333/3521] Built Mathlib.Control.Lawful (899ms)
✔ [334/3521] Built Mathlib.Tactic.TypeCheck (1.0s)
✔ [335/3521] Built Mathlib.Tactic.ReduceModChar.Ext (1.1s)
✔ [336/3521] Built Mathlib.Tactic.RewriteSearch (1.2s)
✔ [337/3521] Built Mathlib.Tactic.Relation.Symm (1.4s)
✔ [338/3521] Built Mathlib.Tactic.WithoutCDot (1.5s)
✔ [339/3521] Built Mathlib.Tactic.SetLike (1.5s)
✔ [340/3521] Built Mathlib.Tactic.Polynomial.Core (1.1s)
✔ [341/3521] Built Mathlib.Tactic.Recall (1.5s)
✔ [342/3521] Built Mathlib.Tactic.Polyrith (1.2s)
✔ [343/3521] Built Mathlib.Tactic.Linter.DeprecatedModule (829ms)
✔ [344/3521] Built Mathlib.Util.Superscript (2.2s)
✔ [345/3521] Built Mathlib.Tactic.Linter.CommandRanges (961ms)
✔ [346/3521] Built Mathlib.Tactic.Ext (997ms)
✔ [347/3521] Built Mathlib.Tactic.Generalize (1.1s)
✔ [348/3521] Built Mathlib.Tactic.Linter.FindDeprecations (1.5s)
✔ [349/3521] Built Mathlib.Tactic.Eval (953ms)
✔ [350/3521] Built Mathlib.Tactic.Explode.Datatypes (1.1s)
✔ [351/3521] Built Mathlib.Tactic.Have (1.5s)
✔ [352/3521] Built Mathlib.Tactic.Linter.TextBased.UnicodeLinter (1.9s)
✔ [353/3521] Built Mathlib.Data.Nat.NthRoot.Defs (831ms)
✔ [354/3521] Built Mathlib.Tactic.FindSyntax (1.5s)
✔ [355/3521] Built Mathlib.Tactic.Clean (945ms)
✔ [356/3521] Built Mathlib.Lean.FoldEnvironment (1.1s)
✔ [357/3521] Built Mathlib.Tactic.Change (1.1s)
✔ [358/3521] Built Mathlib.CategoryTheory.ConcreteCategory.Bundled (1.1s)
✔ [359/3521] Built Mathlib.Tactic.BDSimp (1.0s)
✔ [360/3521] Built Mathlib.Tactic.CategoryTheory.CategoryStar (1.1s)
✔ [361/3521] Built Mathlib.Tactic.SuppressCompilation (1.8s)
✔ [362/3521] Built Mathlib.Util.ElabWithoutMVars (1.0s)
✔ [363/3521] Built Mathlib.Util.DelabNonCanonical (1.1s)
✔ [364/3521] Built Mathlib.Lean.Meta.Tactic.Rewrite (954ms)
✔ [365/3521] Built Mathlib.Tactic.CategoryTheory.Coherence.Datatypes (1.6s)
✔ [366/3521] Built Mathlib.Util.SynthesizeUsing (907ms)
✔ [367/3521] Built Mathlib.Tactic.Linarith.Oracle.SimplexAlgorithm.Datatypes (1.1s)
✔ [368/3521] Built Mathlib.Tactic.FieldSimp.Attr (843ms)
✔ [369/3521] Built Mathlib.Util.DischargerAsTactic (911ms)
✔ [370/3521] Built Mathlib.Lean.Expr.Rat (974ms)
✔ [371/3521] Built Mathlib.Tactic.TryThis (1.0s)
✔ [372/3521] Built Mathlib.Logic.Function.CompTypeclasses (977ms)
✔ [373/3521] Built Mathlib.Tactic.Cases (2.2s)
✔ [374/3521] Built Mathlib.Tactic.Bound.Init (979ms)
✔ [375/3521] Built Mathlib.Tactic.HaveI (1.1s)
✔ [376/3521] Built Mathlib.Data.Bracket (977ms)
✔ [377/3521] Built Mathlib.Data.Int.DivMod (965ms)
✔ [378/3521] Built Mathlib.Data.List.TFAE (1.0s)
✔ [379/3521] Built Mathlib.Util.Qq (1.0s)
✔ [380/3521] Built Mathlib.Util.AtomM (1.2s)
✔ [381/3521] Built Mathlib.Control.ULift (1.0s)
✔ [382/3521] Built Mathlib.Util.PPOptions (1.0s)
✔ [383/3521] Built Mathlib.Data.Option.NAry (1.2s)
✔ [384/3521] Built Mathlib.Data.Nat.BinaryRec (1.3s)
✔ [385/3521] Built Mathlib.Data.Finset.Attr (1.2s)
✔ [386/3521] Built Mathlib.Tactic.Finiteness.Attr (1.2s)
✔ [387/3521] Built Mathlib.Data.Prod.PProd (1.2s)
✔ [388/3521] Built Mathlib.Logic.Function.ULift (1.1s)
✔ [389/3521] Built Mathlib.Control.Combinators (999ms)
✔ [390/3521] Built Mathlib.Data.Option.Defs (1.1s)
✔ [391/3521] Built Mathlib.Tactic.Monotonicity.Attr (1.0s)
✔ [392/3521] Built Mathlib.Combinatorics.SimpleGraph.Init (1.1s)
✔ [393/3521] Built Mathlib.Data.Sym.Sym2.Init (1.0s)
✔ [394/3521] Built Mathlib.Tactic.Continuity.Init (1.0s)
✔ [395/3521] Built Mathlib.Tactic.ArithMult.Init (969ms)
✔ [396/3521] Built Mathlib.CategoryTheory.Category.Init (989ms)
✔ [397/3521] Built Mathlib.Tactic.Measurability.Init (1.0s)
✔ [398/3521] Built Mathlib.Combinatorics.Matroid.Init (1.0s)
✔ [399/3521] Built Mathlib.Lean.Elab.Term (1.0s)
✔ [400/3521] Built Mathlib.Lean.PrettyPrinter.Delaborator (1.2s)
✔ [401/3521] Built Mathlib.Data.Ordering.Basic (1.0s)
✔ [402/3521] Built Mathlib.Tactic.CrossRefAttribute (1.5s)
✔ [403/3521] Built Mathlib.Logic.OpClass (1.0s)
✔ [404/3521] Built Mathlib.Data.Int.Notation (1.1s)
✔ [405/3521] Built Mathlib.Data.List.Monad (1.0s)
✔ [406/3521] Built Mathlib.Util.TransImports (964ms)
✔ [407/3521] Built Mathlib.Util.WhatsNew (1.2s)
✔ [408/3521] Built Mathlib.Tactic.FastInstance (2.2s)
✔ [409/3521] Built Mathlib.Lean.GoalsLocation (975ms)
✔ [410/3521] Built Mathlib.Lean.Meta.KAbstractPositions (1.1s)
✔ [411/3521] Built Mathlib.Tactic.Widget.SelectInsertParamsClass (1.2s)
✔ [412/3521] Built Mathlib.Util.CompileInductive (1.0s)
✔ [413/3521] Built Mathlib.Tactic.Trace (1.1s)
✔ [414/3521] Built Mathlib.Tactic.UnsetOption (1.2s)
✔ [415/3521] Built Mathlib.Util.CountHeartbeats (1.9s)
✔ [416/3521] Built Mathlib.Tactic.ToExpr (1.3s)
✔ [417/3521] Built Mathlib.Tactic.SudoSetOption (1.2s)
✔ [418/3521] Built Mathlib.Tactic.SwapVar (1.3s)
✔ [419/3521] Built Mathlib.Tactic.Substs (973ms)
✔ [420/3521] Built Mathlib.Tactic.SuccessIfFailWithMsg (1.2s)
✔ [421/3521] Built Mathlib.Tactic.Use (2.1s)
✔ [422/3521] Built Mathlib.Tactic.Simps.NotationClass (1.3s)
✔ [423/3521] Built Mathlib.Tactic.Variable (2.5s)
✔ [424/3521] Built Mathlib.Tactic.Spread (1.5s)
✔ [425/3521] Built Mathlib.Util.WithWeakNamespace (938ms)
✔ [426/3521] Built Mathlib.Util.AddRelatedDecl (1.6s)
✔ [427/3521] Built Mathlib.Tactic.Rename (1.1s)
✔ [428/3521] Built Mathlib.Util.Tactic (1.1s)
✔ [429/3521] Built Mathlib.Tactic.SimpRw (1.3s)
✔ [430/3521] Built Mathlib.Tactic.Relation.Rfl (958ms)
✔ [431/3521] Built Mathlib.Tactic.SimpIntro (1.4s)
✔ [432/3521] Built Mathlib.Tactic.RSuffices (1.1s)
✔ [433/3521] Built Mathlib.Tactic.Set (1.8s)
✔ [434/3521] Built Mathlib.Tactic.Recover (1.3s)
✔ [435/3521] Built Mathlib.Tactic.OfNat (1.0s)
✔ [436/3521] Built Mathlib.Tactic.Simproc.ExistsAndEq (2.4s)
✔ [437/3521] Built Mathlib.Lean.Name (1.0s)
✔ [438/3521] Built Mathlib.Tactic.NthRewrite (1.0s)
✔ [439/3521] Built Mathlib.Tactic.Observe (1.4s)
✔ [440/3521] Built Mathlib.Tactic.Linter.UpstreamableDecl (1.1s)
✔ [441/3521] Built Mathlib.Lean.Meta (1.3s)
✔ [442/3521] Built Mathlib.Tactic.Linter.PPRoundtrip (1.2s)
✔ [443/3521] Built Mathlib.Tactic.Inhabit (1.0s)
✔ [444/3521] Built Mathlib.Tactic.Linter.HaveLetLinter (1.3s)
✔ [445/3521] Built Mathlib.Tactic.InferParam (1.1s)
✔ [446/3521] Built Mathlib.Util.TermReduce (1.3s)
✔ [447/3521] Built Mathlib.Tactic.GuardHypNums (892ms)
✔ [448/3521] Built Mathlib.Tactic.GuardGoalNums (983ms)
✔ [449/3521] Built Mathlib.Tactic.HigherOrder (1.5s)
✔ [450/3521] Built Mathlib.Tactic.GrindAttrs (1.2s)
✔ [451/3521] Built Mathlib.Tactic.GCongr.ForwardAttr (1.2s)
✔ [452/3521] Built Mathlib.Tactic.Core (1.5s)
✔ [453/3521] Built Mathlib.Tactic.FunProp.Mor (1.2s)
✔ [454/3521] Built Mathlib.Tactic.ExistsI (1.1s)
✔ [455/3521] Built Mathlib.Tactic.Find (1.3s)
✔ [456/3521] Built Mathlib.Lean.Meta.RefinedDiscrTree.Basic (1.5s)
✔ [457/3521] Built Mathlib.Tactic.DSimpPercent (1.1s)
✔ [458/3521] Built Mathlib.Tactic.FunProp.Decl (1.5s)
✔ [459/3521] Built Mathlib.Tactic.FailIfNoProgress (1.8s)
✔ [460/3521] Built Mathlib.Tactic.FunProp.ToBatteries (2.1s)
✔ [461/3521] Built Mathlib.Tactic.ErwQuestion (1.7s)
✔ [462/3521] Built Mathlib.Tactic.Constructor (1.1s)
✔ [463/3521] Built Mathlib.Data.Nat.Notation (1.1s)
✔ [464/3521] Built Mathlib.Lean.MessageData.Trace (1.2s)
✔ [465/3521] Built Mathlib.Logic.IsEmpty.Defs (1.1s)
✔ [466/3521] Built Mathlib.Tactic.DeprecateTo (1.5s)
✔ [467/3521] Built Mathlib.Tactic.Clear_ (955ms)
✔ [468/3521] Built Mathlib.Tactic.Coe (1.1s)
✔ [469/3521] Built Mathlib.Tactic.ClearExcept (918ms)
✔ [470/3521] Built Mathlib.Tactic.ClearExclamation (946ms)
✔ [471/3521] Built Mathlib.Tactic.DefEqTransformations (2.0s)
✔ [472/3521] Built Mathlib.Logic.Nonempty (1.0s)
✔ [473/3521] Built Mathlib.Data.String.Defs (1.1s)
✔ [474/3521] Built Mathlib.Logic.ExistsUnique (1.3s)
✔ [475/3521] Built Mathlib.Tactic.Eqns (1.1s)
✔ [476/3521] Built Mathlib.Tactic.Translate.Attributes (1.1s)
✔ [477/3521] Built Mathlib.Tactic.Translate.UnfoldBoundary (1.9s)
✔ [478/3521] Built Mathlib.Util.AtLocation (1.3s)
✔ [479/3521] Built Mathlib.Tactic.Check (1.5s)
✔ [480/3521] Built Mathlib.Tactic.Push.Attr (1.3s)
✔ [481/3521] Built Mathlib.Tactic.CasesM (1.6s)
✔ [482/3521] Built Mathlib.Tactic.ExtendDoc (1000ms)
✔ [483/3521] Built Mathlib.Tactic.DepRewrite (4.3s)
✔ [484/3521] Built Mathlib.Lean.Meta.Simp (1.3s)
✔ [485/3521] Built Mathlib.Tactic.Attr.Register (1.4s)
✔ [486/3521] Built Mathlib.Tactic.Conv (1.8s)
✔ [487/3521] Built Mathlib.Tactic.ApplyCongr (1.1s)
✔ [488/3521] Built Mathlib.Lean.Meta.Basic (1.2s)
✔ [489/3521] Built Mathlib.Tactic.ApplyWith (1.3s)
✔ [490/3521] Built Mathlib.Tactic.PPWithUniv (1.3s)
✔ [491/3521] Built Mathlib.Tactic.Explode.Pretty (1.2s)
✔ [492/3521] Built Mathlib.Tactic.Translate.Reorder (3.3s)
✔ [493/3521] Built Mathlib.Tactic.Replace (1.1s)
✔ [494/3521] Built Mathlib.Tactic.Linarith.Oracle.SimplexAlgorithm.Gauss (1.1s)
✔ [495/3521] Built Mathlib.Tactic.Linarith.Oracle.SimplexAlgorithm.SimplexAlgorithm (1.2s)
✔ [496/3521] Built Mathlib.Tactic.Linter.ValidatePRTitle (1.8s)
✔ [497/3521] Built Mathlib.Util.AtomM.Recurse (1.3s)
✔ [498/3521] Built Mathlib.Tactic.Continuity (1.2s)
✔ [499/3521] Built Mathlib.Tactic.Monotonicity.Basic (1.3s)
✔ [500/3521] Built Mathlib.Tactic.ArithMult (1.2s)
✔ [501/3521] Built Mathlib.Tactic.StacksAttribute (816ms)
✔ [502/3521] Built Mathlib.Tactic.Bound.Attribute (2.0s)
✔ [503/3521] Built Mathlib.Tactic.Widget.SelectPanelUtils (1.2s)
✔ [504/3521] Built Mathlib.Tactic.RenameBVar (980ms)
✔ [505/3521] Built Mathlib.Tactic.Linter (776ms)
✔ [506/3521] Built Mathlib.Tactic.SetNotationForOrder (1.7s)
✔ [507/3521] Built Mathlib.Tactic.FBinop (1.9s)
✔ [508/3521] Built Mathlib.Tactic.MkIffOfInductiveProp (1.9s)
✔ [509/3521] Built Mathlib.Tactic.SplitIfs (1.4s)
✔ [510/3521] Built Mathlib.Lean.Meta.RefinedDiscrTree.Encode (1.5s)
✔ [511/3521] Built Mathlib.Tactic.Measurability (1.3s)
✔ [512/3521] Built Mathlib.Tactic.ScopedNS (2.8s)
✔ [513/3521] Built Mathlib.Tactic.FunProp.FunctionData (1.4s)
✔ [514/3521] Built Mathlib.Lean.Meta.RefinedDiscrTree.Initialize (1.9s)
✔ [515/3521] Built Mathlib.Tactic.DefEqAbuse (2.0s)
✔ [516/3521] Built Mathlib.Data.PNat.Notation (1.1s)
✔ [517/3521] Built Mathlib.Data.Tree.Basic (1.3s)
✔ [518/3521] Built Mathlib.Data.Stream.Defs (1.4s)
✔ [519/3521] Built Mathlib.Data.Rat.Init (1.2s)
✔ [520/3521] Built Mathlib.Data.Nat.Init (2.1s)
✔ [521/3521] Built Mathlib.Tactic.CategoryTheory.Coherence.Normalize (6.1s)
✔ [522/3521] Built Mathlib.Data.Int.Cast.Pi (1.0s)
✔ [523/3521] Built Mathlib.Tactic.Linter.TextBased (2.8s)
✔ [524/3521] Built Mathlib.Tactic.Translate.GuessName (1.3s)
✔ [525/3521] Built Mathlib.Lean.Meta.CongrTheorems (2.2s)
✔ [526/3521] Built Mathlib.Logic.Nontrivial.Defs (1.2s)
✔ [527/3521] Built Mathlib.Tactic.IrreducibleDef (1.9s)
✔ [528/3521] Built Mathlib.Tactic.Attr.Core (1.2s)
✔ [529/3521] Built Mathlib.Tactic.ToLevel (1.2s)
✔ [530/3521] Built Mathlib.Logic.Function.Defs (1.5s)
✔ [531/3521] Built Mathlib.Data.Int.Init (2.2s)
✔ [532/3521] Built Mathlib.Util.Delaborators (7.0s)
✔ [533/3521] Built Mathlib.Tactic.CategoryTheory.Coherence.PureCoherence (8.6s)
✔ [534/3521] Built Mathlib.Tactic.Basic (1.6s)
✔ [535/3521] Built Mathlib.Tactic.ApplyAt (1.5s)
✔ [536/3521] Built Mathlib.Logic.Basic (2.4s)
✔ [537/3521] Built Mathlib.Tactic.TFAE (3.5s)
✔ [538/3521] Built Mathlib.Tactic.Linarith.Oracle.SimplexAlgorithm.PositiveVector (1.3s)
✔ [539/3521] Built Mathlib.Data.SProd (1.1s)
✔ [540/3521] Built Mathlib.Tactic.Widget.GCongr (1.3s)
✔ [541/3521] Built Mathlib.Tactic.Widget.CongrM (1.3s)
✔ [542/3521] Built Mathlib.Tactic.Explode (1.8s)
✔ [543/3521] Built Mathlib.Tactic.FunProp.Types (1.1s)
✔ [544/3521] Built Mathlib.Tactic.Widget.Calc (2.3s)
✔ [545/3521] Built Mathlib.Lean.Meta.RefinedDiscrTree.Lookup (1.7s)
✔ [546/3521] Built Mathlib.Tactic.Widget.Conv (2.8s)
✔ [547/3521] Built Mathlib.Logic.Relator (1.4s)
✔ [548/3521] Built Mathlib.Control.Basic (1.5s)
✔ [549/3521] Built Mathlib.Tactic.Says (1.8s)
✔ [550/3521] Built Mathlib.Tactic.Simps.Basic (5.9s)
✔ [551/3521] Built Mathlib.Tactic.Hint (1.4s)
✔ [552/3521] Built Mathlib.Tactic.Subsingleton (1.4s)
✔ [553/3521] Built Mathlib.Data.Nat.MaxPowDiv (1.5s)
✔ [554/3521] Built Mathlib.Lean.Meta.RefinedDiscrTree (1.0s)
✔ [555/3521] Built Mathlib.Tactic.FunProp.Theorems (1.9s)
✔ [556/3521] Built Mathlib.Tactic.Tauto (2.4s)
✔ [557/3521] Built Mathlib.Tactic.CongrExclamation (3.1s)
✔ [558/3521] Built Mathlib.Tactic.TermCongr (3.9s)
✔ [559/3521] Built Mathlib.Tactic.ITauto (3.4s)
✔ [560/3521] Built Mathlib.Tactic.Push (2.7s)
✔ [561/3521] Built Mathlib.Tactic.FunProp.Attr (951ms)
✔ [562/3521] Built Mathlib.Tactic.CongrM (895ms)
✔ [563/3521] Built Mathlib.Tactic.ByCases (1.1s)
✔ [564/3521] Built Mathlib.Tactic.ToFun (1.1s)
✔ [565/3521] Built Mathlib.Tactic.ByContra (1.2s)
✔ [566/3521] Built Mathlib.Tactic.Contrapose (1.3s)
✔ [567/3521] Built Mathlib.Tactic.WLOG (1.5s)
✔ [568/3521] Built Mathlib.Tactic.Convert (2.3s)
✔ [569/3521] Built Mathlib.Tactic.Widget.LibraryRewrite (3.1s)
✔ [570/3521] Built Mathlib.Tactic.Translate.Core (6.7s)
✔ [571/3521] Built Mathlib.Util.Notation3 (7.5s)
✔ [572/3521] Built Mathlib.Logic.Lemmas (832ms)
✔ [573/3521] Built Mathlib.Tactic.Translate.TagUnfoldBoundary (762ms)
✔ [574/3521] Built Mathlib.Tactic.Translate.ToAdditive (845ms)
✔ [575/3521] Built Mathlib.Tactic.FunProp.Core (3.0s)
✔ [576/3521] Built Mathlib.Tactic.ToAdditive (647ms)
✔ [577/3521] Built Mathlib.Algebra.Notation (758ms)
✔ [578/3521] Built Mathlib.Tactic.Translate.ToDual (946ms)
✔ [579/3521] Built Mathlib.Algebra.Notation.Lemmas (667ms)
✔ [580/3521] Built Mathlib.Tactic.FunProp.Elab (975ms)
✔ [581/3521] Built Mathlib.Tactic.ToDual (638ms)
✔ [582/3521] Built Mathlib.Algebra.Notation.Defs (1.1s)
✔ [583/3521] Built Mathlib.Tactic.FunProp (587ms)
✔ [584/3521] Built Mathlib.Order.Defs.Prop (827ms)
✔ [585/3521] Built Mathlib.Algebra.Regular.Defs (696ms)
✔ [586/3521] Built Mathlib.Order.Defs.PartialOrder (1.2s)
✔ [587/3521] Built Mathlib.Order.Notation (1.3s)
✔ [588/3521] Built Mathlib.Algebra.Notation.Pi.Defs (1.1s)
✔ [589/3521] Built Mathlib.Tactic.ContinuousFunctionalCalculus (804ms)
✔ [590/3521] Built Mathlib.Data.Set.Defs (1.4s)
✔ [591/3521] Built Mathlib.Algebra.NeZero (861ms)
✔ [592/3521] Built Mathlib.Data.Set.CoeSort (763ms)
✔ [593/3521] Built Mathlib.Order.TypeTags (880ms)
✔ [594/3521] Built Mathlib.Control.Functor (1.2s)
✔ [595/3521] Built Mathlib.Order.Bounds.Defs (1.2s)
✔ [596/3521] Built Mathlib.Order.Defs.LinearOrder (1.5s)
✔ [597/3521] Built Mathlib.Order.Interval.Set.Defs (1.4s)
✔ [598/3521] Built Mathlib.Order.Defs.Unbundled (1.5s)
✔ [599/3521] Built Mathlib.Lean.Expr.ExtraRecognizers (743ms)
✔ [600/3521] Built Mathlib.Data.ENat.Defs (910ms)
✔ [601/3521] Built Mathlib.Control.Traversable.Basic (928ms)
✔ [602/3521] Built Mathlib.Data.Bool.Basic (1.1s)
✔ [603/3521] Built Mathlib.Data.Int.Order.Basic (1.2s)
✔ [604/3521] Built Mathlib.Data.Sigma.Lex (1.0s)
✔ [605/3521] Built Mathlib.Data.List.Defs (1.6s)
✔ [606/3521] Built Mathlib.Logic.Relation (2.2s)
✔ [607/3521] Built Mathlib.Logic.Function.Basic (2.2s)
✔ [608/3521] Built Mathlib.Algebra.Group.Defs (4.6s)
✔ [609/3521] Built Mathlib.Data.Nat.Bits (1.4s)
✔ [610/3521] Built Mathlib.Data.Subtype (1.1s)
✔ [611/3521] Built Mathlib.Algebra.Notation.Pi.Basic (1.2s)
✔ [612/3521] Built Mathlib.Data.Sum.Basic (1.2s)
✔ [613/3521] Built Mathlib.Logic.Unique (1.4s)
✔ [614/3521] Built Mathlib.Logic.Pairwise (1.7s)
✔ [615/3521] Built Mathlib.Logic.Function.Conjugate (1.7s)
✔ [616/3521] Built Mathlib.Data.Sigma.Basic (1.8s)
✔ [617/3521] Built Mathlib.Logic.IsEmpty.Basic (1.9s)
✔ [618/3521] Built Mathlib.Algebra.Group.PUnit (1.5s)
✔ [619/3521] Built Mathlib.Algebra.Group.Commutator (1.2s)
✔ [620/3521] Built Mathlib.Algebra.Group.Invertible.Defs (1.4s)
✔ [621/3521] Built Mathlib.Tactic.Choose (2.2s)
✔ [622/3521] Built Mathlib.Tactic.GCongr.Core (4.9s)
✔ [623/3521] Built Mathlib.Data.Nat.Cast.Defs (1.5s)
✔ [624/3521] Built Mathlib.Algebra.Group.Int.Defs (1.1s)
✔ [625/3521] Built Mathlib.Algebra.Group.Semiconj.Defs (1.4s)
✔ [626/3521] Built Mathlib.Algebra.GroupWithZero.Defs (1.8s)
✔ [627/3521] Built Mathlib.Control.Applicative (1.5s)
✔ [628/3521] Built Mathlib.Algebra.Group.Nat.Defs (1.3s)
✔ [629/3521] Built Mathlib.Algebra.BigOperators.Group.List.Defs (1.6s)
✔ [630/3521] Built Mathlib.Data.FunLike.Basic (1.2s)
✔ [631/3521] Built Mathlib.Data.List.Pairwise (1.3s)
✔ [632/3521] Built Mathlib.Logic.Function.Iterate (1.2s)
✔ [633/3521] Built Mathlib.Data.Set.Operations (2.2s)
✔ [634/3521] Built Mathlib.Data.Option.Basic (1.7s)
✔ [635/3521] Built Mathlib.Data.Nat.Basic (1.8s)
✔ [636/3521] Built Mathlib.Tactic.GCongr.CoreAttrs (1.3s)
✔ [637/3521] Built Mathlib.Data.Quot (2.8s)
✔ [638/3521] Built Mathlib.Data.List.Flatten (1.0s)
✔ [639/3521] Built Mathlib.Algebra.Group.InjSurj (3.9s)
✔ [640/3521] Built Mathlib.Algebra.Group.Pi.Basic (3.1s)
✔ [641/3521] Built Mathlib.Data.Nat.Cast.NeZero (1.3s)
✔ [642/3521] Built Mathlib.Data.Int.Cast.Defs (1.3s)
✔ [643/3521] Built Mathlib.Algebra.Group.Commute.Defs (1.6s)
✔ [644/3521] Built Mathlib.Algebra.GroupWithZero.Regular (1.2s)
✔ [645/3521] Built Mathlib.Algebra.GroupWithZero.NeZero (1.3s)
✔ [646/3521] Built Mathlib.Algebra.GroupWithZero.Nat (1.2s)
✔ [647/3521] Built Mathlib.Control.Traversable.Lemmas (1.4s)
✔ [648/3521] Built Mathlib.Data.FunLike.Embedding (1.3s)
✔ [649/3521] Built Mathlib.Data.FunLike.IsApply (1.8s)
✔ [650/3521] Built Mathlib.Tactic.Sat.FromLRAT (2.4s)
✔ [651/3521] Built Mathlib.Data.Prod.Basic (1.6s)
✔ [652/3521] Built Mathlib.Dynamics.FixedPoints.Defs (1.4s)
✔ [653/3521] Built Mathlib.Data.Set.Notation (1.6s)
✔ [654/3521] Built Mathlib.Order.Basic (5.1s)
✔ [655/3521] Built Mathlib.Data.Int.Basic (1.6s)
✔ [656/3521] Built Mathlib.Data.Nat.Sqrt (1.4s)
✔ [657/3521] Built Mathlib.Tactic.GCongr (928ms)
✔ [658/3521] Built Mathlib.Data.Nat.Find (1.5s)
✔ [659/3521] Built Mathlib.Algebra.CharZero.Defs (1.3s)
✔ [660/3521] Built Mathlib.Data.FunLike.Equiv (1.2s)
✔ [661/3521] Built Mathlib.Algebra.GroupWithZero.InjSurj (2.0s)
✔ [662/3521] Built Mathlib.Logic.Nontrivial.Basic (1.3s)
✔ [663/3521] Built Mathlib.Algebra.Notation.Prod (1.8s)
✔ [664/3521] Built Mathlib.Order.SetNotation (4.7s)
✔ [665/3521] Built Mathlib.Algebra.Ring.Defs (3.7s)
✔ [666/3521] Built Mathlib.Data.PNat.Defs (1.6s)
✔ [667/3521] Built Mathlib.Order.ULift (1.5s)
✔ [668/3521] Built Mathlib.Algebra.Group.Units.Defs (4.1s)
✔ [669/3521] Built Mathlib.Tactic.DeriveTraversable (3.9s)
✔ [670/3521] Built Mathlib.Algebra.Group.Hom.Defs (6.8s)
✔ [671/3521] Built Mathlib.Order.Monotone.Defs (2.7s)
✔ [672/3521] Built Mathlib.Algebra.Order.ZeroLEOne (1.5s)
✔ [673/3521] Built Mathlib.Algebra.Group.Basic (7.1s)
✔ [674/3521] Built Mathlib.Tactic.Nontriviality.Core (2.0s)
✔ [675/3521] Built Mathlib.Topology.Defs.Basic (1.9s)
✔ [676/3521] Built Mathlib.Algebra.Ring.Semiconj (1.3s)
✔ [677/3521] Built Mathlib.Algebra.Ring.Nat (1.5s)
✔ [678/3521] Built Mathlib.Algebra.Ring.PUnit (1.2s)
✔ [679/3521] Built Mathlib.Algebra.Group.Nat.Units (1.1s)
✔ [680/3521] Built Mathlib.Algebra.Field.Defs (1.6s)
✔ [681/3521] Built Mathlib.RingTheory.LocalRing.Defs (1.1s)
✔ [682/3521] Built Mathlib.Algebra.Group.Irreducible.Defs (1.2s)
✔ [683/3521] Built Mathlib.Algebra.Group.Commute.Hom (1.2s)
✔ [684/3521] Built Mathlib.Tactic.Nontriviality (1.2s)
✔ [685/3521] Built Mathlib.Algebra.GroupWithZero.Pi (1.2s)
✔ [686/3521] Built Mathlib.Logic.Equiv.Defs (3.9s)
✔ [687/3521] Built Mathlib.Algebra.Group.Hom.CompTypeclasses (1.3s)
✔ [688/3521] Built Mathlib.Tactic.GRewrite.Core (11s)
✔ [689/3521] Built Mathlib.Data.Int.Cast.Basic (1.4s)
✔ [690/3521] Built Mathlib.Algebra.Group.Semiconj.Basic (1.5s)
✔ [691/3521] Built Mathlib.Data.FunLike.Group (2.6s)
✔ [692/3521] Built Mathlib.Algebra.Ring.Regular (1.5s)
✔ [693/3521] Built Mathlib.Algebra.Group.Idempotent (1.3s)
✔ [694/3521] Built Mathlib.Tactic.MoveAdd (2.1s)
✔ [695/3521] Built Mathlib.Algebra.Regular.Basic (1.8s)
✔ [696/3521] Built Mathlib.Algebra.Group.Torsion (1.8s)
✔ [697/3521] Built Mathlib.Algebra.GroupWithZero.Basic (2.2s)
✔ [698/3521] Built Mathlib.Topology.ContinuousMap.Defs (1.8s)
✔ [699/3521] Built Mathlib.Data.PNat.Equiv (1.6s)
✔ [700/3521] Built Mathlib.Algebra.Group.Int.Units (1.8s)
✔ [701/3521] Built Mathlib.Algebra.Order.Monoid.Unbundled.Defs (2.5s)
✔ [702/3521] Built Mathlib.Algebra.Group.Hom.Basic (3.3s)
✔ [703/3521] Built Mathlib.Control.Monad.Writer (1.8s)
✔ [704/3521] Built Mathlib.Data.Finite.Defs (1.5s)
✔ [705/3521] Built Mathlib.Algebra.Opposites (2.4s)
✔ [706/3521] Built Mathlib.Algebra.Group.Units.Basic (3.6s)
✔ [707/3521] Built Mathlib.Tactic.ProdAssoc (1.8s)
✔ [708/3521] Built Mathlib.Logic.Small.Defs (1.3s)
✔ [709/3521] Built Mathlib.Control.Monad.Basic (1.4s)
✔ [710/3521] Built Mathlib.Order.Lex (1.5s)
✔ [711/3521] Built Mathlib.Control.EquivFunctor (1.1s)
✔ [712/3521] Built Mathlib.Order.OrderDual (1.7s)
✔ [713/3521] Built Mathlib.Algebra.Group.Equiv.Defs (4.3s)
✔ [714/3521] Built Mathlib.Algebra.Ring.GrindInstances (1.5s)
✔ [715/3521] Built Mathlib.Algebra.Ring.Int.Defs (1.6s)
✔ [716/3521] Built Mathlib.Tactic.Zify (1.6s)
✔ [717/3521] Built Mathlib.Tactic.ProxyType (3.1s)
✔ [718/3521] Built Mathlib.Tactic.GRewrite.Elab (2.2s)
✔ [719/3521] Built Mathlib.Algebra.Group.Commute.Basic (1.7s)
✔ [720/3521] Built Mathlib.Algebra.GroupWithZero.Idempotent (1.5s)
✔ [721/3521] Built Mathlib.Algebra.Group.ModEq (1.0s)
✔ [722/3521] Built Mathlib.Data.Countable.Defs (1.4s)
✔ [723/3521] Built Mathlib.Algebra.Group.Semiconj.Units (1.6s)
✔ [724/3521] Built Mathlib.Algebra.GroupWithZero.Hom (2.4s)
✔ [725/3521] Built Mathlib.Algebra.Order.GroupWithZero.Defs (2.6s)
✔ [726/3521] Built Mathlib.Algebra.Group.TypeTags.Basic (3.1s)
✔ [727/3521] Built Mathlib.Algebra.Regular.Opposite (1.5s)
✔ [728/3521] Built Mathlib.Algebra.GroupWithZero.Units.Basic (3.0s)
✔ [729/3521] Built Mathlib.Algebra.Group.Opposite (3.1s)
✔ [730/3521] Built Mathlib.Data.Opposite (1.3s)
✔ [731/3521] Built Mathlib.Logic.UnivLE (1.2s)
✔ [732/3521] Built Mathlib.Control.Monad.Cont (2.0s)
✔ [733/3521] Built Mathlib.Algebra.Group.Hom.Instances (3.0s)
✔ [734/3521] Built Mathlib.Order.Compare (1.5s)
✔ [735/3521] Built Mathlib.Logic.Equiv.Option (1.0s)
✔ [736/3521] Built Mathlib.Algebra.Group.Action.Defs (3.9s)
✔ [737/3521] Built Mathlib.Order.RelClasses (2.5s)
✔ [738/3521] Built Mathlib.Data.Int.Cast.Field (1.5s)
✔ [739/3521] Built Mathlib.Tactic.GRewrite (994ms)
✔ [740/3521] Built Mathlib.Order.Max (2.1s)
✔ [741/3521] Built Mathlib.Algebra.Group.ULift (2.1s)
✔ [742/3521] Built Mathlib.Algebra.Group.Units.Hom (2.7s)
✔ [743/3521] Built Mathlib.Algebra.Ring.InjSurj (6.1s)
✔ [744/3521] Built Mathlib.Algebra.GroupWithZero.Equiv (1.3s)
✔ [745/3521] Built Mathlib.Algebra.Ring.Hom.InjSurj (1.3s)
✔ [746/3521] Built Mathlib.Algebra.Ring.Idempotent (1.8s)
✔ [747/3521] Built Mathlib.Algebra.Group.Commute.Units (2.0s)
✔ [748/3521] Built Mathlib.Algebra.GroupWithZero.Semiconj (1.4s)
✔ [749/3521] Built Mathlib.Algebra.Order.Group.Synonym (4.1s)
✔ [750/3521] Built Mathlib.Algebra.Group.Units.Opposite (1.7s)
✔ [751/3521] Built Mathlib.Algebra.Group.TypeTags.Hom (2.1s)
✔ [752/3521] Built Mathlib.Algebra.GroupWithZero.Opposite (1.5s)
✔ [753/3521] Built Mathlib.Combinatorics.Quiver.Basic (1.5s)
✔ [754/3521] Built Mathlib.GroupTheory.GroupAction.IterateAct (1.3s)
✔ [755/3521] Built Mathlib.Algebra.Group.Hom.End (1.4s)
✔ [756/3521] Built Mathlib.Algebra.Group.Action.TypeTags (1.4s)
✔ [757/3521] Built Mathlib.Algebra.Ring.Basic (2.1s)
✔ [758/3521] Built Mathlib.Algebra.Torsor.Defs (1.9s)
✔ [759/3521] Built Mathlib.Algebra.Group.Action.Faithful (1.5s)
✔ [760/3521] Built Mathlib.Algebra.GroupWithZero.ULift (1.4s)
✔ [761/3521] Built Mathlib.Algebra.Group.Action.Opposite (2.3s)
✔ [762/3521] Built Mathlib.Algebra.EuclideanDomain.Defs (1.8s)
✔ [763/3521] Built Mathlib.Tactic.Common (1.7s)
✔ [764/3521] Built Mathlib.Algebra.Group.Invertible.Basic (1.9s)
✔ [765/3521] Built Mathlib.Algebra.GroupWithZero.Commute (1.9s)
✔ [766/3521] Built Mathlib.Algebra.Order.Group.Action.Synonym (1.8s)
✔ [767/3521] Built Mathlib.Order.BoundedOrder.Basic (2.9s)
✔ [768/3521] Built Mathlib.Order.Monotone.Basic (3.1s)
✔ [769/3521] Built Mathlib.Algebra.Order.GroupWithZero.Synonym (1.5s)
✔ [770/3521] Built Mathlib.Algebra.Order.Monoid.Unbundled.OrderDual (1.6s)
✔ [771/3521] Built Mathlib.Algebra.Order.Ring.Synonym (1.9s)
✔ [772/3521] Built Mathlib.Algebra.Group.Nat.Hom (1.6s)
✔ [773/3521] Built Mathlib.Tactic.ClickSuggestions.Util (3.5s)
✔ [774/3521] Built Mathlib.LinearAlgebra.AffineSpace.Defs (1.2s)
✔ [775/3521] Built Mathlib.Algebra.Group.Action.Pretransitive (1.5s)
✔ [776/3521] Built Mathlib.Combinatorics.Quiver.Prefunctor (1.5s)
✔ [777/3521] Built Mathlib.Logic.Equiv.Prod (14s)
✔ [778/3521] Built Mathlib.Algebra.EuclideanDomain.Field (1.5s)
✔ [779/3521] Built Mathlib.Algebra.Group.Action.Units (2.0s)
✔ [780/3521] Built Mathlib.Algebra.Group.Equiv.TypeTags (2.5s)
✔ [781/3521] Built Mathlib.Data.Int.Sqrt (1.8s)
✔ [782/3521] Built Mathlib.Algebra.GroupWithZero.Action.Defs (2.7s)
✔ [783/3521] Built Mathlib.Algebra.Divisibility.Basic (2.1s)
✔ [784/3521] Built Mathlib.Algebra.Field.IsField (2.3s)
✔ [785/3521] Built Mathlib.Algebra.Ring.Hom.Defs (3.8s)
✔ [786/3521] Built Mathlib.Algebra.Group.WithOne.Defs (2.5s)
✔ [787/3521] Built Mathlib.Data.Rat.Defs (2.3s)
✔ [788/3521] Built Mathlib.CategoryTheory.Category.Basic (3.5s)
✔ [789/3521] Built Mathlib.Data.Nat.Factorial.Basic (3.2s)
✔ [790/3521] Built Mathlib.Data.List.ProdSigma (2.2s)
✔ [791/3521] Built Mathlib.Data.Stream.Init (3.5s)
✔ [792/3521] Built Mathlib.Data.Vector.Defs (2.0s)
✔ [793/3521] Built Cslib.Init (2.5s)
✔ [794/3521] Built Mathlib.Control.Bifunctor (2.0s)
✔ [795/3521] Built Mathlib.Data.List.InsertIdx (2.7s)
✔ [796/3521] Built Mathlib.Algebra.Quotient (2.5s)
✔ [797/3521] Built Mathlib.Data.List.Induction (3.2s)
✔ [798/3521] Built Mathlib.Data.List.Count (2.1s)
✔ [799/3521] Built Mathlib.Algebra.GroupWithZero.Invertible (1.8s)
✔ [800/3521] Built Mathlib.Algebra.GroupWithZero.Units.Lemmas (1.7s)
✔ [801/3521] Built Mathlib.Data.List.TakeDrop (4.3s)
✔ [802/3521] Built Mathlib.Order.Nat (1.3s)
✔ [803/3521] Built Mathlib.Order.BoundedOrder.Monotone (1.5s)
✔ [804/3521] Built Mathlib.Order.Iterate (1.7s)
✔ [805/3521] Built Mathlib.Order.GaloisConnection.Defs (2.3s)
✔ [806/3521] Built Mathlib.Tactic.ClickSuggestions.Unfold (1.4s)
✔ [807/3521] Built Mathlib.Combinatorics.Quiver.Push (1.6s)
✔ [808/3521] Built Mathlib.Tactic.ClickSuggestions.SectionState (1.9s)
✔ [809/3521] Built Mathlib.Data.List.Basic (7.2s)
✔ [810/3521] Built Mathlib.Data.Nat.Log (2.5s)
✔ [811/3521] Built Mathlib.Algebra.Group.Action.Hom (2.3s)
✔ [812/3521] Built Mathlib.Combinatorics.Quiver.Path (2.5s)
✔ [813/3521] Built Mathlib.Algebra.GroupWithZero.Action.Opposite (1.6s)
✔ [814/3521] Built Mathlib.Algebra.Ring.Action.Rat (1.5s)
✔ [815/3521] Built Mathlib.Algebra.GroupWithZero.Action.Units (1.9s)
✔ [816/3521] Built Mathlib.Logic.Equiv.Sum (2.5s)
✔ [817/3521] Built Mathlib.Algebra.Regular.SMul (1.9s)
✔ [818/3521] Built Mathlib.GroupTheory.GroupAction.Ring (1.4s)
✔ [819/3521] Built Mathlib.Algebra.Order.GroupWithZero.Action.Synonym (2.0s)
✔ [820/3521] Built Mathlib.Algebra.GroupWithZero.Action.Hom (1.9s)
✔ [821/3521] Built Mathlib.Algebra.Module.Defs (2.1s)
✔ [822/3521] Built Mathlib.Algebra.Divisibility.Hom (1.7s)
✔ [823/3521] Built Mathlib.Order.Lattice (5.7s)
✔ [824/3521] Built Mathlib.Algebra.Ring.Int.Field (1.7s)
✔ [825/3521] Built Mathlib.Algebra.Divisibility.Units (1.0s)
✔ [826/3521] Built Mathlib.Data.Int.GCD (2.4s)
✔ [827/3521] Built Mathlib.Algebra.Ring.Rat (2.3s)
✔ [828/3521] Built Mathlib.Algebra.Group.WithOne.Map (2.4s)
✔ [829/3521] Built Mathlib.Algebra.Ring.Units (2.4s)
✔ [830/3521] Built Mathlib.Algebra.Group.Prod (6.2s)
✔ [831/3521] Built Mathlib.Tactic.CategoryTheory.CheckCompositions (2.3s)
✔ [832/3521] Built Mathlib.Tactic.CategoryTheory.Coherence.Basic (2.6s)
✔ [833/3521] Built Mathlib.Tactic.CategoryTheory.Slice (2.6s)
✔ [834/3521] Built Mathlib.Tactic.Widget.CommDiag (2.7s)
✔ [835/3521] Built Mathlib.Algebra.GroupWithZero.WithZero (4.4s)
✔ [836/3521] Built Mathlib.CategoryTheory.Functor.Basic (2.8s)
✔ [837/3521] Built Mathlib.Data.Nat.Choose.Basic (3.4s)
✔ [838/3521] Built Cslib.Algorithms.Lean.TimeM (2.5s)
✔ [839/3521] Built Mathlib.Logic.Equiv.Functor (2.2s)
✔ [840/3521] Built Mathlib.Tactic.ClickSuggestions.ApplyAt (2.2s)
✔ [841/3521] Built Mathlib.Algebra.Ring.Invertible (2.8s)
✔ [842/3521] Built Mathlib.Tactic.ClickSuggestions.Apply (2.2s)
✔ [843/3521] Built Mathlib.Data.Seq.Computation (3.9s)
✔ [844/3521] Built Mathlib.Data.List.Infix (2.6s)
✔ [845/3521] Built Mathlib.Tactic.NormNum.Result (3.9s)
✔ [846/3521] Built Mathlib.Data.List.Enum (1.9s)
✔ [847/3521] Built Mathlib.Tactic.ClickSuggestions.Rewrite (3.2s)
✔ [848/3521] Built Mathlib.Data.List.Lex (2.2s)
✔ [849/3521] Built Mathlib.Algebra.GroupWithZero.Action.End (1.0s)
✔ [850/3521] Built Mathlib.Combinatorics.Quiver.Symmetric (2.1s)
✔ [851/3521] Built Mathlib.Data.List.Forall2 (2.5s)
✔ [852/3521] Built Mathlib.Data.List.Lattice (3.2s)
✔ [853/3521] Built Mathlib.Algebra.Module.MinimalAxioms (1.7s)
✔ [854/3521] Built Mathlib.Order.BoundedOrder.Lattice (1.0s)
✔ [855/3521] Built Mathlib.Algebra.Order.Module.Synonym (2.2s)
✔ [856/3521] Built Mathlib.Algebra.FreeMonoid.Basic (4.0s)
✔ [857/3521] Built Mathlib.Order.Monotone.Monovary (2.1s)
✔ [858/3521] Built Mathlib.Algebra.Ring.Int.Units (1.6s)
✔ [859/3521] Built Mathlib.Order.MinMax (2.4s)
✔ [860/3521] Built Mathlib.Algebra.GroupWithZero.Divisibility (2.2s)
✔ [861/3521] Built Mathlib.Logic.Equiv.Basic (4.0s)
✔ [862/3521] Built Mathlib.Data.Prod.Lex (3.8s)
✔ [863/3521] Built Mathlib.Algebra.Ring.Commute (2.5s)
✔ [864/3521] Built Mathlib.Data.Fin.Basic (3.2s)
✔ [865/3521] Built Mathlib.Data.Nat.Cast.Prod (1.7s)
✔ [866/3521] Built Mathlib.Algebra.Group.Action.Prod (2.6s)
✔ [867/3521] Built Mathlib.Algebra.GroupWithZero.Prod (1.0s)
✔ [868/3521] Built Mathlib.Tactic.CategoryTheory.Reassoc (2.2s)
✔ [869/3521] Built Mathlib.Tactic.Order.CollectFacts (5.7s)
✔ [870/3521] Built ResourceAware.Effects.TraceM (2.4s)
✔ [871/3521] Built Mathlib.Algebra.Module.RingHom (2.1s)
✔ [872/3521] Built Mathlib.Data.Seq.Defs (2.7s)
✔ [873/3521] Built Mathlib.Data.List.Zip (2.2s)
✔ [874/3521] Built Mathlib.Tactic.NormNum.Core (3.3s)
✔ [875/3521] Built Mathlib.Data.List.Perm.Basic (2.8s)
✔ [876/3521] Built Mathlib.Algebra.Order.IsBotOne (2.2s)
✔ [877/3521] Built Mathlib.Algebra.Prime.Defs (2.4s)
✔ [878/3521] Built Mathlib.Data.List.Chain (4.1s)
✔ [879/3521] Built Mathlib.Control.ULiftable (2.6s)
✔ [880/3521] Built Mathlib.Data.List.Nodup (3.7s)
✔ [881/3521] Built Mathlib.Data.ULift (1.0s)
✔ [882/3521] Built Mathlib.Data.Nat.GCD.Basic (3.4s)
✔ [883/3521] Built Mathlib.Order.Disjoint (4.2s)
✔ [884/3521] Built Mathlib.Data.Nat.Cast.Commute (2.2s)
✔ [885/3521] Built Mathlib.Logic.Embedding.Basic (3.6s)
✔ [886/3521] Built Mathlib.Algebra.Ring.Torsion (2.2s)
✔ [887/3521] Built Mathlib.Algebra.Group.Equiv.Basic (4.5s)
✔ [888/3521] Built Mathlib.Data.Int.Cast.Prod (2.3s)
✔ [889/3521] Built Mathlib.Algebra.GroupWithZero.Action.Prod (2.6s)
✔ [890/3521] Built Mathlib.CategoryTheory.NatTrans (2.7s)
✔ [891/3521] Built Mathlib.Tactic.Order.Graph.Basic (1.8s)
✔ [892/3521] Built Mathlib.Tactic.Order.Preprocessing (2.9s)
✔ [893/3521] Built Mathlib.Tactic.Order.ToInt (3.1s)
✔ [894/3521] Built Mathlib.Data.List.Perm.Subperm (2.0s)
✔ [895/3521] Built Mathlib.Algebra.Field.Basic (6.4s)
✔ [896/3521] Built Mathlib.CategoryTheory.Iso (6.3s)
✔ [897/3521] Built Mathlib.Order.WithBot (14s)
✔ [898/3521] Built Mathlib.Data.List.Range (3.4s)
✔ [899/3521] Built ResourceAware.Effects.TraceStateM (5.8s)
✔ [900/3521] Built Mathlib.Data.List.Perm.Lattice (4.2s)
✔ [901/3521] Built Mathlib.Data.Nat.Prime.Defs (4.5s)
✔ [902/3521] Built Mathlib.Data.List.NatAntidiagonal (3.7s)
✔ [903/3521] Built Mathlib.Algebra.BigOperators.Group.List.Basic (6.1s)
✔ [904/3521] Built Mathlib.Data.List.OffDiag (4.8s)
✔ [905/3521] Built Mathlib.Data.List.Dedup (2.6s)
✔ [906/3521] Built Mathlib.Data.List.Duplicate (2.0s)
✔ [907/3521] Built Mathlib.Data.List.Rotate (3.7s)
✔ [908/3521] Built Mathlib.SetTheory.Cardinal.Defs (2.7s)
✔ [909/3521] Built Mathlib.Order.PropInstances (1.0s)
✔ [910/3521] Built Mathlib.Algebra.Group.Embedding (2.0s)
✔ [911/3521] Built Mathlib.Algebra.Group.Action.Basic (2.9s)
✔ [912/3521] Built Mathlib.Algebra.Order.Monoid.Unbundled.Basic (8.4s)
✔ [913/3521] Built Mathlib.Algebra.Ring.Divisibility.Basic (2.9s)
✔ [914/3521] Built Mathlib.Algebra.Module.Prod (1.8s)
✔ [915/3521] Built Mathlib.Tactic.Order.Graph.Tarjan (1.8s)
✔ [916/3521] Built Mathlib.Algebra.Group.Units.Equiv (2.9s)
✔ [917/3521] Built Mathlib.Data.List.Sublists (2.7s)
✔ [918/3521] Built Mathlib.Data.Multiset.Defs (2.7s)
✔ [919/3521] Built Mathlib.Algebra.Group.Equiv.Opposite (3.4s)
✔ [920/3521] Built Mathlib.CategoryTheory.ObjectProperty.Basic (2.1s)
✔ [921/3521] Built Mathlib.Order.RelIso.Basic (5.1s)
✔ [922/3521] Built Mathlib.Tactic.CategoryTheory.IsoReassoc (2.0s)
✔ [923/3521] Built Mathlib.Tactic.CategoryTheory.CancelIso (2.5s)
✔ [924/3521] Built Mathlib.CategoryTheory.HomCongr (2.4s)
✔ [925/3521] Built Mathlib.Data.List.Permutation (2.9s)
✔ [926/3521] Built Mathlib.Algebra.BigOperators.Group.List.Lemmas (2.4s)
✔ [927/3521] Built Mathlib.Data.List.MinMax (3.5s)
✔ [928/3521] Built Mathlib.Algebra.Ring.Action.Basic (2.2s)
✔ [929/3521] Built Mathlib.Algebra.Order.Monoid.NatCast (2.2s)
✔ [930/3521] Built Mathlib.Algebra.Order.Monoid.Unbundled.MinMax (2.5s)
✔ [931/3521] Built Mathlib.Algebra.Order.Sub.Defs (2.8s)
✔ [932/3521] Built Mathlib.CategoryTheory.Functor.Category (6.1s)
✔ [933/3521] Built Mathlib.Data.Set.Basic (4.1s)
✔ [934/3521] Built Mathlib.Algebra.Order.Monoid.Defs (2.7s)
✔ [935/3521] Built Mathlib.Algebra.Order.Monoid.Unbundled.ExistsOfLE (2.5s)
✔ [936/3521] Built Mathlib.Algebra.Order.Monoid.Unbundled.Pow (3.8s)
✔ [937/3521] Built Mathlib.Algebra.BigOperators.Ring.List (2.7s)
✔ [938/3521] Built Mathlib.Algebra.GroupWithZero.Units.Equiv (2.2s)
✔ [939/3521] Built Mathlib.Algebra.Field.Equiv (2.4s)
✔ [940/3521] Built Mathlib.Order.Heyting.Basic (6.5s)
✔ [941/3521] Built Mathlib.CategoryTheory.ObjectProperty.ClosedUnderIsomorphisms (2.0s)
✔ [942/3521] Built Mathlib.Algebra.Group.Even (3.2s)
✔ [943/3521] Built Mathlib.Tactic.Order (4.2s)
✔ [944/3521] Built Mathlib.Algebra.Module.PUnit (1.0s)
✔ [945/3521] Built Mathlib.Data.Multiset.ZeroCons (3.8s)
✔ [946/3521] Built Mathlib.Algebra.Ring.Action.Field (1.8s)
✔ [947/3521] Built Mathlib.CategoryTheory.Thin (1.0s)
✔ [948/3521] Built Mathlib.Algebra.Ring.Opposite (4.3s)
✔ [949/3521] Built Mathlib.Data.Nat.Order.Lemmas (1.5s)
✔ [950/3521] Built Mathlib.Data.SetLike.Basic (2.1s)
✔ [951/3521] Built Mathlib.Data.Set.Inclusion (1.8s)
✔ [952/3521] Built Mathlib.Data.Set.Order (2.2s)
✔ [953/3521] Built Mathlib.Data.Set.Disjoint (1.9s)
✔ [954/3521] Built Mathlib.Algebra.Order.Group.Unbundled.Basic (4.0s)
✔ [955/3521] Built Mathlib.Algebra.Order.Monoid.OrderDual (1.7s)
✔ [956/3521] Built Mathlib.Algebra.Group.End (4.9s)
✔ [957/3521] Built Mathlib.CategoryTheory.NatIso (4.9s)
✔ [958/3521] Built Mathlib.CategoryTheory.Functor.Trifunctor (5.1s)
✔ [959/3521] Built Mathlib.Algebra.Order.Group.Int (1.4s)
✔ [960/3521] Built Mathlib.Algebra.Order.AddTorsor (1.8s)
✔ [961/3521] Built Mathlib.Algebra.Order.Group.Opposite (1.5s)
✔ [962/3521] Built Mathlib.Order.Hom.Basic (7.8s)
✔ [963/3521] Built Mathlib.Algebra.Order.Monoid.Canonical.Defs (1.9s)
✔ [964/3521] Built Mathlib.Algebra.Order.Sub.Unbundled.Basic (1.8s)
✔ [965/3521] Built Mathlib.Order.BooleanAlgebra.Defs (1.7s)
✔ [966/3521] Built Mathlib.Algebra.Group.Center (6.4s)
✔ [967/3521] Built Mathlib.Algebra.Order.Monoid.Unbundled.TypeTags (1.8s)
✔ [968/3521] Built Mathlib.Algebra.Group.Irreducible.Lemmas (1.8s)
✔ [969/3521] Built Mathlib.Data.Nat.Cast.Basic (2.1s)
✔ [970/3521] Built Mathlib.Order.Circular (2.3s)
✔ [971/3521] Built Mathlib.Algebra.Group.Nat.Even (1.8s)
✔ [972/3521] Built Mathlib.Data.Multiset.Count (2.2s)
✔ [973/3521] Built Mathlib.Data.Multiset.Basic (2.2s)
✔ [974/3521] Built Mathlib.Algebra.Module.Opposite (1.6s)
✔ [975/3521] Built Mathlib.Data.Int.Range (1.6s)
✔ [976/3521] Built Mathlib.Algebra.Order.Group.Defs (2.2s)
✔ [977/3521] Built Mathlib.Algebra.Order.Group.Basic (2.2s)
✔ [978/3521] Built Mathlib.Data.Set.Insert (3.1s)
✔ [979/3521] Built Mathlib.Algebra.Group.Subsemigroup.Defs (3.1s)
✔ [980/3521] Built Mathlib.Algebra.Group.Action.End (2.6s)
✔ [981/3521] Built Mathlib.Algebra.Group.Conj (2.9s)
✔ [982/3521] Built Mathlib.CategoryTheory.Functor.FullyFaithful (3.9s)
✔ [983/3521] Built Mathlib.Algebra.Order.Monoid.Unbundled.WithTop (6.9s)
✔ [984/3521] Built Mathlib.Algebra.Order.Monoid.Basic (2.3s)
✔ [985/3521] Built Mathlib.Algebra.Order.Group.OrderIso (2.5s)
✔ [986/3521] Built Mathlib.Order.Antisymmetrization (2.0s)
✔ [987/3521] Built Mathlib.Algebra.Order.Monoid.Units (2.1s)
✔ [988/3521] Built Mathlib.Tactic.ApplyFun (2.8s)
✔ [989/3521] Built Mathlib.Algebra.Order.Group.Nat (1.9s)
✔ [990/3521] Built Mathlib.GroupTheory.GroupAction.Hom (16s)
✔ [991/3521] Built Mathlib.Algebra.Order.Sub.Basic (2.2s)
✔ [992/3521] Built Mathlib.Algebra.Ring.Centralizer (1.8s)
✔ [993/3521] Built Mathlib.Algebra.Order.BigOperators.Group.List (3.2s)
✔ [994/3521] Built Mathlib.Algebra.Order.Hom.Monoid (6.8s)
✔ [995/3521] Built Mathlib.Algebra.GroupWithZero.Center (1.8s)
✔ [996/3521] Built Mathlib.CategoryTheory.Bicategory.Basic (7.0s)
✔ [997/3521] Built Mathlib.Order.Hom.Lattice (4.9s)
✔ [998/3521] Built Mathlib.Order.Hom.Bounded (4.7s)
✔ [999/3521] Built Mathlib.Data.Sum.Order (6.8s)
✔ [1000/3521] Built Mathlib.Algebra.Order.Monoid.TypeTags (1.7s)
✔ [1001/3521] Built Mathlib.Algebra.Order.Ring.Idempotent (3.8s)
✔ [1002/3521] Built Mathlib.Algebra.Prime.Lemmas (2.9s)
✔ [1003/3521] Built Mathlib.Algebra.CharZero.AddMonoidHom (2.6s)
✔ [1004/3521] Built Mathlib.Data.Nat.Cast.Field (2.6s)
✔ [1005/3521] Built Mathlib.Data.Nat.Cast.Order.Basic (3.5s)
✔ [1006/3521] Built Mathlib.Data.Nat.Factorial.Cast (2.9s)
✔ [1007/3521] Built Mathlib.Algebra.Group.Int.Even (3.1s)
✔ [1008/3521] Built Mathlib.Algebra.CharP.Defs (3.3s)
✔ [1009/3521] Built Mathlib.GroupTheory.Subsemigroup.Center (2.1s)
✔ [1010/3521] Built Mathlib.Data.Bool.Set (2.0s)
✔ [1011/3521] Built Mathlib.Data.Multiset.AddSub (3.5s)
✔ [1012/3521] Built Mathlib.Order.BooleanAlgebra.Basic (5.5s)
✔ [1013/3521] Built Mathlib.Data.Set.Subsingleton (2.4s)
✔ [1014/3521] Built Mathlib.Data.Nat.Cast.WithTop (1.5s)
✔ [1015/3521] Built Mathlib.Algebra.Order.Sub.WithTop (1.7s)
✔ [1016/3521] Built Mathlib.Algebra.GroupWithZero.Action.Basic (2.6s)
✔ [1017/3521] Built Mathlib.CategoryTheory.InducedCategory (2.1s)
✔ [1018/3521] Built Mathlib.Algebra.Order.Monoid.WithTop (1.9s)
✔ [1019/3521] Built Mathlib.Data.Int.LeastGreatest (1.0s)
✔ [1020/3521] Built Mathlib.Algebra.Group.Submonoid.Defs (4.3s)
✔ [1021/3521] Built Mathlib.Algebra.Order.Group.Lattice (2.1s)
✔ [1022/3521] Built Mathlib.Algebra.Order.Group.Units (1.5s)
✔ [1023/3521] Built Mathlib.Tactic.NormNum.Basic (7.8s)
✔ [1024/3521] Built Mathlib.Data.List.Iterate (1.7s)
✔ [1025/3521] Built Mathlib.Combinatorics.Quiver.Path.Decomposition (1.7s)
✔ [1026/3521] Built Mathlib.Algebra.Order.Hom.Units (1.6s)
✔ [1027/3521] Built Mathlib.Combinatorics.Quiver.Path.Vertices (2.7s)
✔ [1028/3521] Built Mathlib.Tactic.CategoryTheory.BicategoricalComp (2.3s)
✔ [1029/3521] Built Mathlib.Tactic.ClickSuggestions.GRewrite (3.6s)
✔ [1030/3521] Built Mathlib.Algebra.Order.Hom.TypeTags (2.5s)
✔ [1031/3521] Built Mathlib.Data.Nat.Choose.Cast (2.2s)
✔ [1032/3521] Built Mathlib.Data.Multiset.Replicate (2.1s)
✔ [1033/3521] Built Mathlib.Order.Heyting.Boundary (2.3s)
✔ [1034/3521] Built Mathlib.Data.Nat.WithBot (2.4s)
✔ [1035/3521] Built Mathlib.Algebra.GroupWithZero.Associated (4.9s)
✔ [1036/3521] Built Mathlib.Order.BooleanAlgebra.Set (4.3s)
✔ [1037/3521] Built Mathlib.Algebra.Ring.Parity (4.5s)
✔ [1038/3521] Built Mathlib.Algebra.Ring.AddAut (2.0s)
✔ [1039/3521] Built Mathlib.Order.SymmDiff (4.5s)
✔ [1040/3521] Built Mathlib.Algebra.Order.AddGroupWithTop (3.4s)
✔ [1041/3521] Built Mathlib.Data.Part (4.4s)
✔ [1042/3521] Built Mathlib.CategoryTheory.ObjectProperty.FullSubcategory (3.9s)
✔ [1043/3521] Built Mathlib.Algebra.GroupWithZero.Submonoid.Primal (2.2s)
✔ [1044/3521] Built Mathlib.Algebra.Order.Monoid.Submonoid (1.0s)
✔ [1045/3521] Built Mathlib.GroupTheory.OreLocalization.OreSet (2.3s)
✔ [1046/3521] Built Mathlib.Algebra.Group.Submonoid.MulAction (2.4s)
✔ [1047/3521] Built Mathlib.RingTheory.NonUnitalSubsemiring.Defs (4.2s)
✔ [1048/3521] Built Mathlib.Tactic.ClickSuggestions.FindPremises (3.3s)
✔ [1049/3521] Built Mathlib.Data.List.Prime (3.0s)
✔ [1050/3521] Built Mathlib.Algebra.Ring.Associated (2.9s)
✔ [1051/3521] Built Mathlib.Data.Set.BoolIndicator (2.7s)
✔ [1052/3521] Built Mathlib.Algebra.Order.Group.Unbundled.Abs (5.1s)
✔ [1053/3521] Built Mathlib.Algebra.Group.Subgroup.Defs (7.7s)
✔ [1054/3521] Built Mathlib.Order.Filter.Defs (5.1s)
✔ [1055/3521] Built Mathlib.Algebra.CharP.Invertible (2.0s)
✔ [1056/3521] Built Mathlib.Tactic.Abel (7.3s)
✔ [1057/3521] Built Mathlib.Data.Set.SymmDiff (2.5s)
✔ [1058/3521] Built Mathlib.Data.Nat.Prime.Basic (3.9s)
✔ [1059/3521] Built Mathlib.Data.Int.Cast.Lemmas (4.1s)
✔ [1060/3521] Built Mathlib.Algebra.Ring.Int.Parity (3.7s)
✔ [1061/3521] Built Mathlib.Tactic.CategoryTheory.Bicategory.Datatypes (7.8s)
✔ [1062/3521] Built Mathlib.CategoryTheory.Whiskering (17s)
✔ [1063/3521] Built Mathlib.Order.Part (2.2s)
✔ [1064/3521] Built Mathlib.Order.Interval.Set.Basic (7.7s)
✔ [1065/3521] Built Mathlib.RingTheory.OreLocalization.OreSet (1.5s)
✔ [1066/3521] Built Mathlib.CategoryTheory.EssentialImage (2.6s)
✔ [1067/3521] Built Mathlib.Algebra.Group.Submonoid.DistribMulAction (1.5s)
✔ [1068/3521] Built Mathlib.CategoryTheory.ConcreteCategory.Basic (2.2s)
✔ [1069/3521] Built Mathlib.Tactic.ClickSuggestions.TryPremises (2.7s)
✔ [1070/3521] Built Mathlib.Algebra.Order.Group.Unbundled.Int (1.0s)
✔ [1071/3521] Built Mathlib.Algebra.Ring.Subsemiring.Defs (3.9s)
✔ [1072/3521] Built Mathlib.Algebra.Order.Group.Abs (3.4s)
✔ [1073/3521] Built Mathlib.Order.Hom.BoundedLattice (5.0s)
✔ [1074/3521] Built Mathlib.Tactic.NoncommRing (2.7s)
✔ [1075/3521] Built Mathlib.Data.Nat.Prime.Int (2.5s)
✔ [1076/3521] Built Mathlib.Algebra.Order.Group.PosPart (4.1s)
✔ [1077/3521] Built Mathlib.RingTheory.NonUnitalSubring.Defs (4.0s)
✔ [1078/3521] Built Mathlib.Data.Nat.Prime.Pow (3.0s)
✔ [1079/3521] Built Mathlib.Tactic.TautoSet (2.4s)
✔ [1080/3521] Built Mathlib.Tactic.NormNum.Prime (4.0s)
✔ [1081/3521] Built Mathlib.Algebra.Ring.Center (3.0s)
✔ [1082/3521] Built Mathlib.Data.Rat.Lemmas (3.4s)
✔ [1083/3521] Built Mathlib.Tactic.NormNum.Parity (3.5s)
✔ [1084/3521] Built Mathlib.GroupTheory.OreLocalization.Basic (9.1s)
✔ [1085/3521] Built Mathlib.Algebra.Field.Opposite (3.9s)
✔ [1086/3521] Built Mathlib.Algebra.Module.NatInt (4.0s)
✔ [1087/3521] Built Mathlib.CategoryTheory.Functor.ReflectsIso.Basic (2.6s)
✔ [1088/3521] Built Mathlib.Algebra.Ring.Action.Subobjects (2.9s)
✔ [1089/3521] Built Mathlib.Data.Set.Image (7.9s)
✔ [1090/3521] Built Mathlib.Algebra.GCDMonoid.Basic (11s)
✔ [1091/3521] Built Mathlib.Tactic.NormNum.Pow (6.1s)
✔ [1092/3521] Built Mathlib.Tactic.CategoryTheory.Elementwise (3.4s)
✔ [1093/3521] Built Mathlib.Tactic.ClickSuggestions (3.0s)
✔ [1094/3521] Built Mathlib.Order.Interval.Set.LinearOrder (6.2s)
✔ [1095/3521] Built Mathlib.Tactic.CategoryTheory.Bicategory.PureCoherence (7.3s)
✔ [1096/3521] Built Mathlib.Algebra.EuclideanDomain.Int (2.2s)
✔ [1097/3521] Built Mathlib.Algebra.Order.Group.MinMax (2.1s)
✔ [1098/3521] Built Mathlib.Tactic.CategoryTheory.Bicategory.Normalize (7.9s)
✔ [1099/3521] Built Mathlib.Algebra.Order.Ring.Unbundled.Rat (4.9s)
✔ [1100/3521] Built Mathlib.Algebra.Order.Hom.Basic (3.1s)
✔ [1101/3521] Built Mathlib.Data.Nat.ModEq (3.4s)
✔ [1102/3521] Built Mathlib.Algebra.Module.End (2.3s)
✔ [1103/3521] Built Mathlib.Order.Hom.WithTopBot (4.4s)
✔ [1104/3521] Built Mathlib.Order.Heyting.Hom (4.6s)
✔ [1105/3521] Built Mathlib.Data.Nat.Set (2.4s)
✔ [1106/3521] Built Mathlib.Logic.Embedding.Set (3.2s)
✔ [1107/3521] Built Mathlib.Algebra.Notation.Support (3.1s)
✔ [1108/3521] Built Mathlib.Algebra.Module.Torsion.Free (3.5s)
✔ [1109/3521] Built Mathlib.RingTheory.OreLocalization.Basic (4.1s)
✔ [1110/3521] Built Mathlib.Order.Interval.Set.WithBotTop (3.3s)
✔ [1111/3521] Built Mathlib.Data.Set.List (2.1s)
✔ [1112/3521] Built Mathlib.CategoryTheory.Equivalence (11s)
✔ [1113/3521] Built Mathlib.Algebra.Ring.Subring.Defs (5.3s)
✔ [1114/3521] Built Mathlib.Order.Directed (3.4s)
✔ [1115/3521] Built Mathlib.Data.Set.Restrict (2.8s)
✔ [1116/3521] Built Mathlib.CategoryTheory.Elementwise (2.2s)
✔ [1117/3521] Built Mathlib.Algebra.GCDMonoid.Nat (2.6s)
✔ [1118/3521] Built Mathlib.Tactic.NormNum.PowMod (2.0s)
✔ [1119/3521] Built Mathlib.Algebra.Group.Support (2.5s)
✔ [1120/3521] Built Mathlib.Logic.Equiv.Embedding (2.9s)
✔ [1121/3521] Built Mathlib.Algebra.Ring.CharZero (3.4s)
✔ [1122/3521] Built Mathlib.Data.Int.ModEq (4.2s)
✔ [1123/3521] Built Mathlib.Data.Int.CharZero (3.3s)
✔ [1124/3521] Built Mathlib.Algebra.Module.Torsion.Field (3.5s)
✔ [1125/3521] Built Mathlib.Algebra.NoZeroSMulDivisors.Defs (3.4s)
✔ [1126/3521] Built Mathlib.CategoryTheory.ObjectProperty.Equivalence (3.5s)
✔ [1127/3521] Built Mathlib.Data.Set.Prod (6.7s)
✔ [1128/3521] Built Mathlib.Algebra.Ring.Action.Invariant (2.9s)
✔ [1129/3521] Built Mathlib.Order.ConditionallyCompletePartialOrder.Defs (2.5s)
✔ [1130/3521] Built Mathlib.Data.Multiset.MapFold (4.4s)
✔ [1131/3521] Built Mathlib.Logic.Function.DependsOn (2.7s)
✔ [1132/3521] Built Mathlib.Algebra.NoZeroSMulDivisors.Basic (2.8s)
✔ [1133/3521] Built Mathlib.Tactic.ModCases (3.3s)
✔ [1134/3521] Built Mathlib.Algebra.Field.Subfield.Defs (5.0s)
✔ [1135/3521] Built Mathlib.Data.Prod.TProd (2.0s)
✔ [1136/3521] Built Mathlib.Tactic.CategoryTheory.Bicategory.Basic (9.5s)
✔ [1137/3521] Built Mathlib.Data.Set.NAry (2.4s)
✔ [1138/3521] Built Mathlib.Data.Multiset.NatAntidiagonal (2.2s)
✔ [1139/3521] Built Mathlib.Order.Bounds.Basic (7.5s)
✔ [1140/3521] Built Mathlib.Data.Rel (5.6s)
✔ [1141/3521] Built Mathlib.Data.Set.Function (4.5s)
✔ [1142/3521] Built Mathlib.Algebra.Group.Pointwise.Set.Scalar (3.0s)
✔ [1143/3521] Built Mathlib.CategoryTheory.Opposites (10s)
✔ [1144/3521] Built Mathlib.Data.Nat.Prime.Infinite (1.8s)
✔ [1145/3521] Built Mathlib.Order.LatticeIntervals (2.8s)
✔ [1146/3521] Built Mathlib.Order.CompleteLattice.Defs (2.0s)
✔ [1147/3521] Built Mathlib.Order.Interval.Set.Image (2.7s)
✔ [1148/3521] Built Mathlib.Algebra.Order.Interval.Set.Monoid (2.3s)
✔ [1149/3521] Built Mathlib.Data.Multiset.Filter (2.9s)
✔ [1150/3521] Built Mathlib.Dynamics.FixedPoints.Basic (2.8s)
✔ [1151/3521] Built Mathlib.Order.Bounds.Image (3.6s)
✔ [1152/3521] Built Mathlib.Data.Set.Monotone (2.6s)
✔ [1153/3521] Built Mathlib.Data.Set.Piecewise (2.7s)
✔ [1154/3521] Built Mathlib.Order.WellFounded (2.8s)
✔ [1155/3521] Built Mathlib.Data.Set.Pairwise.Basic (2.9s)
✔ [1156/3521] Built Mathlib.GroupTheory.GroupAction.Pointwise (3.1s)
✔ [1157/3521] Built Mathlib.CategoryTheory.Functor.Const (3.9s)
✔ [1158/3521] Built Mathlib.CategoryTheory.Functor.TwoSquare (4.2s)
✔ [1159/3521] Built Mathlib.Algebra.BigOperators.Group.Multiset.Defs (2.0s)
✔ [1160/3521] Built Mathlib.Logic.Equiv.Set (4.8s)
✔ [1161/3521] Built Mathlib.CategoryTheory.EqToHom (4.6s)
✔ [1162/3521] Built Mathlib.Algebra.Group.Pointwise.Set.Basic (10s)
✔ [1163/3521] Built Mathlib.Order.ScottContinuity (2.8s)
✔ [1164/3521] Built Mathlib.Order.Interval.Set.UnorderedInterval (4.5s)
✔ [1165/3521] Built Mathlib.Algebra.Order.GroupWithZero.Basic (8.6s)
✔ [1166/3521] Built Mathlib.Data.Multiset.UnionInter (3.6s)
✔ [1167/3521] Built Mathlib.Algebra.Notation.Indicator (3.2s)
✔ [1168/3521] Built Mathlib.Algebra.Group.Action.Pi (2.5s)
✔ [1169/3521] Built Mathlib.Order.ConditionallyCompleteLattice.Defs (2.1s)
✔ [1170/3521] Built Mathlib.Data.Set.Pairwise.List (1.9s)
✔ [1171/3521] Built Mathlib.Data.Rel.Separated (1.8s)
✔ [1172/3521] Built Mathlib.Order.RelIso.Set (2.0s)
✔ [1173/3521] Built Mathlib.Data.Finset.Defs (3.1s)
✔ [1174/3521] Built Mathlib.Order.PiLex (3.2s)
✔ [1175/3521] Built Mathlib.GroupTheory.Perm.ViaEmbedding (2.5s)
✔ [1176/3521] Built Mathlib.Logic.Equiv.PartialEquiv (4.7s)
✔ [1177/3521] Built Mathlib.GroupTheory.Perm.Basic (2.6s)
✔ [1178/3521] Built Mathlib.Logic.Small.Basic (1.8s)
✔ [1179/3521] Built Mathlib.Order.Minimal (5.1s)
✔ [1180/3521] Built Mathlib.Algebra.Group.Pi.Lemmas (6.1s)
✔ [1181/3521] Built Mathlib.Algebra.GroupWithZero.Pointwise.Set.Basic (1.0s)
✔ [1182/3521] Built Mathlib.CategoryTheory.Category.Preorder (2.9s)
✔ [1183/3521] Built Mathlib.CategoryTheory.Bicategory.Strict.Basic (2.6s)
✔ [1184/3521] Built Mathlib.CategoryTheory.Category.ULift (3.4s)
✔ [1185/3521] Built Mathlib.CategoryTheory.Bicategory.Functor.Prelax (3.5s)
✔ [1186/3521] Built Mathlib.Algebra.Group.TypeTags.Pointwise (2.2s)
✔ [1187/3521] Built Mathlib.Order.Interval.Set.OrderEmbedding (2.3s)
✔ [1188/3521] Built Mathlib.Algebra.Order.GroupWithZero.Submonoid (1.6s)
✔ [1189/3521] Built Mathlib.Order.Hom.Set (5.5s)
✔ [1190/3521] Built Mathlib.Data.Fin.SuccPred (6.8s)
✔ [1191/3521] Built Mathlib.Algebra.Order.BigOperators.GroupWithZero.List (2.3s)
✔ [1192/3521] Built Mathlib.Algebra.Ring.Equiv (8.5s)
✔ [1193/3521] Built Mathlib.Algebra.Order.GroupWithZero.OrderIso (3.2s)
✔ [1194/3521] Built Mathlib.Data.Multiset.Range (2.9s)
✔ [1195/3521] Built Mathlib.Data.Multiset.Dedup (3.3s)
✔ [1196/3521] Built Mathlib.Tactic.FieldSimp.Lemmas (4.8s)
✔ [1197/3521] Built Mathlib.Algebra.GroupWithZero.Indicator (2.7s)
✔ [1198/3521] Built Mathlib.Algebra.Order.Ring.Unbundled.Basic (5.6s)
✔ [1199/3521] Built Mathlib.Algebra.Order.Nonneg.Basic (5.2s)
✔ [1200/3521] Built Mathlib.CategoryTheory.Products.Basic (8.7s)
✔ [1201/3521] Built Mathlib.Data.Nat.DvdSequence (2.1s)
✔ [1202/3521] Built Mathlib.Algebra.Group.Indicator (3.6s)
✔ [1203/3521] Built Mathlib.Data.Int.ConditionallyCompleteOrder (1.8s)
✔ [1204/3521] Built Mathlib.Data.Rel.Cover (1.6s)
✔ [1205/3521] Built Mathlib.Algebra.GroupWithZero.Action.Pi (2.2s)
✔ [1206/3521] Built Mathlib.Algebra.Module.Basic (2.6s)
✔ [1207/3521] Built Mathlib.Algebra.Torsor.Basic (3.8s)
✔ [1208/3521] Built Mathlib.Algebra.Order.Group.PiLex (1.9s)
✔ [1209/3521] Built Mathlib.Data.Finset.Order (1.0s)
✔ [1210/3521] Built Mathlib.Data.Finset.Erase (2.1s)
✔ [1211/3521] Built Mathlib.Data.Countable.Small (1.4s)
✔ [1212/3521] Built Mathlib.Data.Finset.Attach (2.1s)
✔ [1213/3521] Built Mathlib.Data.Finset.Empty (2.4s)
✔ [1214/3521] Built Mathlib.Order.Bounds.OrderIso (1.6s)
✔ [1215/3521] Built Mathlib.Algebra.Order.GroupWithZero.Canonical (9.4s)
✔ [1216/3521] Built Mathlib.Order.Preorder.Chain (2.5s)
✔ [1217/3521] Built Mathlib.Order.Interval.Set.OrderIso (2.2s)
✔ [1218/3521] Built Mathlib.GroupTheory.GroupAction.DomAct.Basic (3.4s)
✔ [1219/3521] Built Mathlib.Data.Fin.Embedding (2.1s)
✔ [1220/3521] Built Mathlib.Data.Fin.Rev (1.0s)
✔ [1221/3521] Built Mathlib.Algebra.Order.BigOperators.GroupWithZero.Multiset (2.2s)
✔ [1222/3521] Built Mathlib.Algebra.Ring.Aut (2.2s)
✔ [1223/3521] Built Mathlib.Data.Vector.Basic (3.4s)
✔ [1224/3521] Built Mathlib.Order.Hom.Lex (3.6s)
✔ [1225/3521] Built Mathlib.Data.Finset.Dedup (2.0s)
✔ [1226/3521] Built Mathlib.Algebra.Ring.CompTypeclasses (2.2s)
✔ [1227/3521] Built Mathlib.Data.Multiset.Fold (2.1s)
✔ [1228/3521] Built Mathlib.Algebra.EuclideanDomain.Basic (3.3s)
✔ [1229/3521] Built Mathlib.Order.UpperLower.Basic (6.1s)
✔ [1230/3521] Built Mathlib.Data.Multiset.FinsetOps (2.3s)
✔ [1231/3521] Built Mathlib.Algebra.Order.Ring.Defs (2.4s)
✔ [1232/3521] Built Mathlib.Algebra.Ring.ULift (3.9s)
✔ [1233/3521] Built Mathlib.Order.CompleteLattice.Basic (6.9s)
✔ [1234/3521] Built Mathlib.Data.Finset.Filter (2.3s)
✔ [1235/3521] Built Mathlib.Data.NNRat.Defs (3.5s)
✔ [1236/3521] Built Mathlib.Algebra.Order.GroupWithZero.WithZero (2.5s)
✔ [1237/3521] Built Mathlib.Order.Antichain (2.3s)
✔ [1238/3521] Built Mathlib.Order.Fin.Basic (3.0s)
✔ [1239/3521] Built Mathlib.Algebra.Order.Hom.MonoidWithZero (3.6s)
✔ [1240/3521] Built Mathlib.Algebra.Group.Fin.Basic (2.6s)
✔ [1241/3521] Built Mathlib.Algebra.Module.Hom (3.3s)
✔ [1242/3521] Built Mathlib.Logic.Small.List (1.0s)
✔ [1243/3521] Built Mathlib.Algebra.Ring.Action.Group (2.2s)
✔ [1244/3521] Built Mathlib.Algebra.Ring.Pi (3.0s)
✔ [1245/3521] Built Mathlib.CategoryTheory.Functor.Currying (6.2s)
✔ [1246/3521] Built Mathlib.Algebra.Star.Basic (3.7s)
✔ [1247/3521] Built Mathlib.Algebra.Order.Group.Multiset (2.3s)
✔ [1248/3521] Built Mathlib.Order.UpperLower.Fibration (2.1s)
✔ [1249/3521] Built Mathlib.Algebra.Order.BigOperators.Group.Multiset (2.6s)
✔ [1250/3521] Built Mathlib.CategoryTheory.Pi.Basic (7.8s)
✔ [1251/3521] Built Mathlib.Algebra.Ring.Prod (4.1s)
✔ [1252/3521] Built Mathlib.Order.InitialSeg (4.1s)
✔ [1253/3521] Built Mathlib.Algebra.Order.Ring.Nat (2.1s)
✔ [1254/3521] Built Mathlib.Data.Finset.Lattice.Basic (2.7s)
✔ [1255/3521] Built Mathlib.Data.Multiset.Lattice (2.3s)
✔ [1256/3521] Built Mathlib.Algebra.Order.Ring.Int (2.8s)
✔ [1257/3521] Built Mathlib.Data.Finset.Insert (3.9s)
✔ [1258/3521] Built Mathlib.Algebra.Order.Interval.Set.Group (3.1s)
✔ [1259/3521] Built Mathlib.Algebra.Order.Ring.InjSurj (1.9s)
✔ [1260/3521] Built Mathlib.Algebra.Order.Ring.Canonical (2.3s)
✔ [1261/3521] Built Mathlib.Combinatorics.Quiver.Path.Weight (2.1s)
✔ [1262/3521] Built Mathlib.Algebra.Order.Archimedean.Defs (1.8s)
✔ [1263/3521] Built Mathlib.Algebra.Order.Ring.Rat (1.9s)
✔ [1264/3521] Built Mathlib.Data.Nat.Choose.Bounds (2.2s)
✔ [1265/3521] Built Mathlib.CategoryTheory.Monoidal.Category (12s)
✔ [1266/3521] Built Mathlib.Algebra.Order.Interval.Set.Instances (3.2s)
✔ [1267/3521] Built Mathlib.Tactic.CancelDenoms.Core (3.5s)
✔ [1268/3521] Built Mathlib.Algebra.Order.Positive.Ring (2.4s)
✔ [1269/3521] Built Mathlib.Algebra.Order.Ring.Basic (2.6s)
✔ [1270/3521] Built Mathlib.Order.CompleteLattice.Group (1.6s)
✔ [1271/3521] Built Mathlib.Order.CompleteLattice.Lemmas (2.3s)
✔ [1272/3521] Built Mathlib.CategoryTheory.ObjectProperty.CompleteLattice (2.2s)
✔ [1273/3521] Built Mathlib.Data.Setoid.Basic (2.5s)
✔ [1274/3521] Built Mathlib.Order.GaloisConnection.Basic (3.7s)
✔ [1275/3521] Built Mathlib.Algebra.Field.Rat (2.2s)
✔ [1276/3521] Built Mathlib.Data.Fintype.Defs (3.0s)
✔ [1277/3521] Built Mathlib.Order.Interval.Set.OrdConnected (2.8s)
✔ [1278/3521] Built Mathlib.Order.OmegaCompletePartialOrder (4.6s)
✔ [1279/3521] Built Mathlib.Algebra.Ring.Action.End (2.3s)
✔ [1280/3521] Built Mathlib.Algebra.CharP.Basic (2.5s)
✔ [1281/3521] Built Mathlib.Algebra.Order.Pi (2.4s)
✔ [1282/3521] Built Mathlib.Algebra.Module.LinearMap.Defs (13s)
✔ [1283/3521] Built Mathlib.Algebra.Order.Module.Defs (11s)
✔ [1284/3521] Built Mathlib.Algebra.Order.Hom.Ring (4.2s)
✔ [1285/3521] Built Mathlib.Algebra.Module.Pi (2.6s)
✔ [1286/3521] Built Mathlib.Order.Interval.Set.Fin (4.2s)
✔ [1287/3521] Built Mathlib.Data.FunLike.Ring (2.7s)
✔ [1288/3521] Built Mathlib.Algebra.Star.Pi (2.4s)
✔ [1289/3521] Built Mathlib.Data.Fin.Tuple.Basic (5.4s)
✔ [1290/3521] Built Mathlib.Data.Multiset.OrderedMonoid (1.0s)
✔ [1291/3521] Built Mathlib.Data.Multiset.Sum (2.0s)
✔ [1292/3521] Built Mathlib.Algebra.GCDMonoid.Multiset (2.8s)
✔ [1293/3521] Built Mathlib.Algebra.BigOperators.Group.Multiset.Basic (3.2s)
✔ [1294/3521] Built Mathlib.Algebra.Star.StarRingHom (4.1s)
✔ [1295/3521] Built Mathlib.Algebra.Star.MonoidHom (3.8s)
✔ [1296/3521] Built Mathlib.Algebra.Star.Prod (2.3s)
✔ [1297/3521] Built Mathlib.Data.Finset.Lattice.Lemmas (2.5s)
✔ [1298/3521] Built Mathlib.Algebra.IsPrimePow (2.7s)
✔ [1299/3521] Built Mathlib.Data.Nat.Cast.Order.Ring (2.9s)
✔ [1300/3521] Built Mathlib.Data.Finset.Range (2.4s)
✔ [1301/3521] Built Mathlib.CategoryTheory.Discrete.Basic (4.9s)
✔ [1302/3521] Built Mathlib.Algebra.Order.Kleene (4.3s)
✔ [1303/3521] Built Mathlib.Data.Finset.SDiff (3.0s)
✔ [1304/3521] Built Mathlib.Data.Finset.Disjoint (2.9s)
✔ [1305/3521] Built Mathlib.Algebra.Order.Field.Canonical (2.9s)
✔ [1306/3521] Built Mathlib.Algebra.Order.BigOperators.Ring.List (2.7s)
✔ [1307/3521] Built Mathlib.Tactic.CategoryTheory.MonoidalComp (2.8s)
✔ [1308/3521] Built Mathlib.CategoryTheory.ObjectProperty.Opposite (2.6s)
✔ [1309/3521] Built Mathlib.Order.Hom.Order (2.3s)
✔ [1310/3521] Built Mathlib.Data.PNat.Basic (3.4s)
✔ [1311/3521] Built Mathlib.Algebra.Order.Group.Pointwise.Bounds (2.4s)
✔ [1312/3521] Built Mathlib.Topology.Defs.Filter (3.1s)
✔ [1313/3521] Built Mathlib.Data.Sym.Basic (3.9s)
✔ [1314/3521] Built Mathlib.Algebra.Module.Rat (2.0s)
✔ [1315/3521] Built Mathlib.Algebra.Order.Ring.WithTop (6.2s)
✔ [1316/3521] Built Mathlib.Tactic.FinCases (2.1s)
✔ [1317/3521] Built Mathlib.Data.Rat.Cast.Defs (2.8s)
✔ [1318/3521] Built Mathlib.GroupTheory.Congruence.Defs (5.1s)
✔ [1319/3521] Built Mathlib.Algebra.Module.LinearMap.Prod (2.3s)
✔ [1320/3521] Built Mathlib.Order.Interval.Set.ProjIcc (2.9s)
✔ [1321/3521] Built Mathlib.Algebra.Order.Nonneg.Module (2.6s)
✔ [1322/3521] Built Mathlib.Tactic.LinearCombination.Lemmas (2.8s)
✔ [1323/3521] Built Mathlib.Algebra.Module.Torsion.Pi (2.1s)
✔ [1324/3521] Built Mathlib.Algebra.Algebra.Defs (3.5s)
✔ [1325/3521] Built Mathlib.Data.FunLike.Module (2.6s)
✔ [1326/3521] Built Mathlib.Order.Cover (5.1s)
✔ [1327/3521] Built Mathlib.Algebra.Ring.Fin (2.3s)
✔ [1328/3521] Built Mathlib.Order.CompleteBooleanAlgebra (8.1s)
✔ [1329/3521] Built Mathlib.Data.List.OfFn (2.3s)
✔ [1330/3521] Built Mathlib.LinearAlgebra.Matrix.Defs (4.3s)
✔ [1331/3521] Built Mathlib.Data.Multiset.Bind (2.8s)
✔ [1332/3521] Built Mathlib.Data.Fin.VecNotation (3.8s)
✔ [1333/3521] Built Mathlib.Algebra.Order.Invertible (2.5s)
✔ [1334/3521] Built Mathlib.Algebra.Order.Ring.Cast (2.0s)
✔ [1335/3521] Built Mathlib.Algebra.Order.Monovary (6.3s)
✔ [1336/3521] Built Mathlib.Algebra.Order.Ring.Abs (3.6s)
✔ [1337/3521] Built Mathlib.Tactic.Linarith.Lemmas (2.7s)
✔ [1338/3521] Built Mathlib.Algebra.Order.Ring.Pow (3.2s)
✔ [1339/3521] Built Mathlib.CategoryTheory.Products.Unitor (2.1s)
✔ [1340/3521] Built Mathlib.Tactic.NormNum.Abs (2.6s)
✔ [1341/3521] Built Mathlib.CategoryTheory.PEmpty (1.9s)
✔ [1342/3521] Built Mathlib.Algebra.Order.BigOperators.Ring.Multiset (1.0s)
✔ [1343/3521] Built Mathlib.CategoryTheory.PUnit (2.4s)
✔ [1344/3521] Built Mathlib.Data.PNat.Prime (2.3s)
✔ [1345/3521] Built Mathlib.Tactic.PNatToNat (2.4s)
✔ [1346/3521] Built Mathlib.Algebra.Star.Rat (2.5s)
✔ [1347/3521] Built Mathlib.Data.Finset.Basic (3.8s)
✔ [1348/3521] Built Mathlib.Data.Finset.Image (3.9s)
✔ [1349/3521] Built Mathlib.Data.Rat.Cast.CharZero (2.8s)
✔ [1350/3521] Built Mathlib.GroupTheory.Congruence.Opposite (2.1s)
✔ [1351/3521] Built Mathlib.Tactic.CategoryTheory.Monoidal.Datatypes (4.9s)
✔ [1352/3521] Built Mathlib.Data.Set.BooleanAlgebra (1.5s)
✔ [1353/3521] Built Mathlib.GroupTheory.Congruence.Hom (3.1s)
✔ [1354/3521] Built Mathlib.Data.List.FinRange (1.7s)
✔ [1355/3521] Built Mathlib.Algebra.Group.Pointwise.Set.ListOfFn (1.9s)
✔ [1356/3521] Built Mathlib.Algebra.Module.Equiv.Defs (13s)
✔ [1357/3521] Built Mathlib.Algebra.Module.LinearMap.Basic (3.4s)
✔ [1358/3521] Built Mathlib.RingTheory.Congruence.Defs (5.1s)
✔ [1359/3521] Built Mathlib.Order.ModularLattice (3.5s)
✔ [1360/3521] Built Mathlib.Data.Matrix.Diagonal (2.9s)
✔ [1361/3521] Built Mathlib.Data.Multiset.Sections (2.2s)
✔ [1362/3521] Built Mathlib.Data.Multiset.Powerset (2.5s)
✔ [1363/3521] Built Mathlib.Data.Multiset.Pi (2.5s)
✔ [1364/3521] Built Mathlib.Data.List.Sort (4.1s)
✔ [1365/3521] Built Mathlib.Algebra.Group.Fin.Tuple (2.5s)
✔ [1366/3521] Built Mathlib.Tactic.Qify (2.4s)
✔ [1367/3521] Built Mathlib.Logic.Equiv.Fin.Basic (3.2s)
✔ [1368/3521] Built Mathlib.Data.Rat.Sqrt (2.4s)
✔ [1369/3521] Built Mathlib.Data.Int.Order.Units (2.2s)
✔ [1370/3521] Built Mathlib.Algebra.Order.Floor.Defs (3.5s)
✔ [1371/3521] Built Mathlib.Tactic.Linarith.Datatypes (2.6s)
✔ [1372/3521] Built Mathlib.Data.Fintype.Inv (1.0s)
✔ [1373/3521] Built Mathlib.Data.Finset.Fold (2.1s)
✔ [1374/3521] Built Mathlib.Data.Fintype.OfMap (2.0s)
✔ [1375/3521] Built Mathlib.Data.Finset.BooleanAlgebra (2.5s)
✔ [1376/3521] Built Mathlib.Algebra.Group.Nat.Range (2.2s)
✔ [1377/3521] Built Mathlib.Data.Finset.SymmDiff (2.2s)
✔ [1378/3521] Built Mathlib.Tactic.Positivity.Core (6.6s)
✔ [1379/3521] Built Mathlib.Algebra.Star.SelfAdjoint (5.9s)
✔ [1380/3521] Built Mathlib.Tactic.NormNum.Inv (4.0s)
✔ [1381/3521] Built Mathlib.Data.Set.Semiring (3.3s)
✔ [1382/3521] Built Mathlib.Data.Finset.Card (6.5s)
✔ [1383/3521] Built Mathlib.Tactic.CategoryTheory.Monoidal.PureCoherence (5.2s)
✔ [1384/3521] Built Mathlib.Data.Set.Sigma (4.0s)
✔ [1385/3521] Built Mathlib.GroupTheory.GroupAction.Defs (4.7s)
✔ [1386/3521] Built Mathlib.Order.Interval.Set.Pi (3.4s)
✔ [1387/3521] Built Mathlib.Algebra.Algebra.Rat (2.6s)
✔ [1388/3521] Built Mathlib.Order.Closure (3.2s)
✔ [1389/3521] Built Mathlib.Algebra.Module.LinearMap.Star (2.3s)
✔ [1390/3521] Built Mathlib.Algebra.Module.Equiv.Opposite (2.3s)
✔ [1391/3521] Built Mathlib.Data.Multiset.Antidiagonal (2.1s)
✔ [1392/3521] Built Mathlib.Algebra.Module.ULift (3.2s)
✔ [1393/3521] Built Mathlib.Tactic.CategoryTheory.Monoidal.Normalize (7.8s)
✔ [1394/3521] Built Mathlib.Data.Set.Lattice (6.0s)
✔ [1395/3521] Built Mathlib.Data.List.Pi (2.2s)
✔ [1396/3521] Built Mathlib.Data.Nat.Factors (2.8s)
✔ [1397/3521] Built Mathlib.Data.List.NodupEquivFin (2.7s)
✔ [1398/3521] Built Mathlib.Data.Multiset.Sort (2.5s)
✔ [1399/3521] Built Mathlib.Algebra.Order.Nonneg.Floor (2.5s)
✔ [1400/3521] Built Mathlib.Logic.Equiv.Fin.Rotate (2.5s)
✔ [1401/3521] Built Mathlib.Order.Fin.Tuple (3.1s)
✔ [1402/3521] Built Mathlib.Tactic.Linarith.Parsing (3.1s)
✔ [1403/3521] Built Mathlib.Tactic.Linarith.Oracle.FourierMotzkin (2.5s)
✔ [1404/3521] Built ResourceAware.Algorithms.Sorting.Specification (5.2s)
✔ [1405/3521] Built Mathlib.Tactic.Linarith.Oracle.SimplexAlgorithm (3.1s)
✔ [1406/3521] Built Mathlib.Tactic.Linarith.Preprocessing (3.0s)
✔ [1407/3521] Built Mathlib.Algebra.GCDMonoid.Finset (2.7s)
✔ [1408/3521] Built Mathlib.CategoryTheory.Comma.Basic (14s)
✔ [1409/3521] Built Mathlib.Algebra.Order.Floor.Semiring (4.8s)
✔ [1410/3521] Built Mathlib.Data.Finset.Piecewise (2.5s)
✔ [1411/3521] Built Mathlib.Tactic.DeriveFintype (3.3s)
✔ [1412/3521] Built Mathlib.Data.Finset.Union (3.8s)
✔ [1413/3521] Built Mathlib.Data.Fintype.Sets (3.1s)
✔ [1414/3521] Built Mathlib.Tactic.Finiteness (2.9s)
✔ [1415/3521] Built Mathlib.Algebra.Order.Field.Power (4.2s)
✔ [1416/3521] Built Mathlib.Algebra.Star.StarProjection (2.9s)
✔ [1417/3521] Built Mathlib.Algebra.Order.Module.Field (4.0s)
✔ [1418/3521] Built Mathlib.Algebra.Order.Algebra (4.3s)
✔ [1419/3521] Built Mathlib.Algebra.Order.AbsoluteValue.Basic (4.7s)
✔ [1420/3521] Built Mathlib.Tactic.NormNum.Eq (3.8s)
✔ [1421/3521] Built Mathlib.Data.Finset.Fin (2.5s)
✔ [1422/3521] Built Mathlib.Tactic.FieldSimp.Discharger (5.4s)
✔ [1423/3521] Built Mathlib.Algebra.Ring.Action.Submonoid (2.5s)
✔ [1424/3521] Built Mathlib.Data.Finset.Sum (3.4s)
✔ [1425/3521] Built Mathlib.Algebra.BigOperators.Ring.Multiset (2.7s)
✔ [1426/3521] Built Mathlib.Order.Cofinal (1.0s)
✔ [1427/3521] Built Mathlib.Algebra.Order.Field.Basic (8.5s)
✔ [1428/3521] Built Mathlib.Data.Set.Constructions (2.4s)
✔ [1429/3521] Built Mathlib.Tactic.Monotonicity.Lemmas (1.7s)
✔ [1430/3521] Built Mathlib.Order.BourbakiWitt (2.4s)
✔ [1431/3521] Built Mathlib.Order.DirSupClosed (2.9s)
✔ [1432/3521] Built Mathlib.Order.ConditionallyCompletePartialOrder.Basic (2.1s)
✔ [1433/3521] Built Mathlib.Order.CompleteLattice.Chain (1.5s)
✔ [1434/3521] Built Mathlib.Data.Set.UnionLift (1.0s)
✔ [1435/3521] Built Mathlib.Logic.Small.Set (1.0s)
✔ [1436/3521] Built Mathlib.Algebra.Module.LinearMap.End (6.9s)
✔ [1437/3521] Built Mathlib.Data.Set.Pairwise.Lattice (2.3s)
✔ [1438/3521] Built Mathlib.Tactic.CategoryTheory.Monoidal.Basic (7.1s)
✔ [1439/3521] Built Mathlib.Data.Fintype.Quotient (2.7s)
✔ [1440/3521] Built Mathlib.Order.Filter.Basic (4.8s)
✔ [1441/3521] Built Mathlib.Tactic.Simproc.Factors (3.3s)
✔ [1442/3521] Built Mathlib.Tactic.Widget.StringDiagram (9.8s)
✔ [1443/3521] Built Mathlib.Data.Finset.Option (2.5s)
✔ [1444/3521] Built Mathlib.Tactic.Linarith.Verification (4.1s)
✔ [1445/3521] Built Mathlib.Tactic.Positivity.Basic (15s)
✔ [1446/3521] Built Mathlib.Data.Sign.Defs (3.6s)
✔ [1447/3521] Built Mathlib.Data.Set.Lattice.Image (5.9s)
✔ [1448/3521] Built Mathlib.Data.Finset.Pi (3.1s)
✔ [1449/3521] Built Mathlib.Data.Finset.Prod (3.5s)
✔ [1450/3521] Built Mathlib.CategoryTheory.Comma.Arrow (5.6s)
✔ [1451/3521] Built Mathlib.Data.Fintype.Basic (3.2s)
✔ [1452/3521] Built Mathlib.Tactic.Ring.Common (15s)
✔ [1453/3521] Built Mathlib.Algebra.Order.Module.Pointwise (3.0s)
✔ [1454/3521] Built Mathlib.Tactic.Monotonicity (1.6s)
✔ [1455/3521] Built Mathlib.Data.Nat.Cast.Order.Field (2.1s)
✔ [1456/3521] Built Mathlib.Order.FixedPoints (3.2s)
✔ [1457/3521] Built Mathlib.Order.Zorn (2.1s)
✔ [1458/3521] Built Mathlib.Order.ConditionallyCompletePartialOrder.Indexed (2.8s)
✔ [1459/3521] Built Mathlib.Algebra.BigOperators.Group.Finset.Defs (6.6s)
✔ [1460/3521] Built Mathlib.Tactic.NormNum.Ineq (6.4s)
✔ [1461/3521] Built Mathlib.Order.Filter.AtTopBot.Defs (2.8s)
✔ [1462/3521] Built Mathlib.Data.Finset.Lattice.Fold (7.9s)
✔ [1463/3521] Built Mathlib.Order.ConditionallyCompleteLattice.Basic (5.8s)
✔ [1464/3521] Built Mathlib.Tactic.Peel (3.4s)
✔ [1465/3521] Built Mathlib.Order.Interval.Set.OrdConnectedComponent (3.1s)
✔ [1466/3521] Built Mathlib.Order.CompleteLattice.Finset (3.5s)
✔ [1467/3521] Built Mathlib.Algebra.Order.CauSeq.Basic (8.4s)
✔ [1468/3521] Built Mathlib.Algebra.Group.Pointwise.Set.Lattice (3.4s)
✔ [1469/3521] Built Mathlib.Data.Nat.Pairing (1.0s)
✔ [1470/3521] Built Mathlib.Algebra.Group.Subsemigroup.Basic (2.8s)
✔ [1471/3521] Built Mathlib.Data.Set.Functor (2.5s)
✔ [1472/3521] Built Mathlib.Algebra.Order.Group.Pointwise.Interval (10s)
✔ [1473/3521] Built Mathlib.Order.Interval.Set.Disjoint (2.0s)
✔ [1474/3521] Built Mathlib.Algebra.Group.Action.Pointwise.Set.Basic (4.4s)
✔ [1475/3521] Built Mathlib.Order.Filter.Map (4.2s)
✔ [1476/3521] Built Mathlib.Data.Finset.Update (3.0s)
✔ [1477/3521] Built Mathlib.Order.UpperLower.CompleteLattice (5.4s)
✔ [1478/3521] Built Mathlib.CategoryTheory.CommSq (3.9s)
✔ [1479/3521] Built Mathlib.Data.Fintype.Card (3.2s)
✔ [1480/3521] Built Mathlib.Algebra.Group.TransferInstance (3.1s)
✔ [1481/3521] Built Mathlib.Order.Hom.CompleteLattice (5.6s)
✔ [1482/3521] Built Mathlib.CategoryTheory.MorphismProperty.Basic (4.6s)
✔ [1483/3521] Built Mathlib.SetTheory.Cardinal.SchroederBernstein (3.2s)
✔ [1484/3521] Built Mathlib.Data.Rat.BigOperators (2.2s)
✔ [1485/3521] Built Mathlib.Algebra.BigOperators.RingEquiv (2.1s)
✔ [1486/3521] Built Mathlib.Algebra.Regular.Pow (2.0s)
✔ [1487/3521] Built Mathlib.Data.Nat.GCD.BigOperators (2.2s)
✔ [1488/3521] Built Mathlib.Algebra.CharP.Two (2.6s)
✔ [1489/3521] Built Mathlib.Tactic.CancelDenoms (1.9s)
✔ [1490/3521] Built Mathlib.Topology.Defs.Sequences (1.5s)
✔ [1491/3521] Built Mathlib.Data.Sym.Sym2 (8.7s)
✔ [1492/3521] Built Mathlib.Algebra.Order.GroupWithZero.Finset (2.4s)
✔ [1493/3521] Built Mathlib.Tactic.Ring.Basic (6.8s)
✔ [1494/3521] Built Mathlib.Tactic.NormNum.DivMod (3.3s)
✔ [1495/3521] Built Mathlib.Tactic.FieldSimp (20s)
✔ [1496/3521] Built Mathlib.Data.Finset.Pairwise (2.9s)
✔ [1497/3521] Built Mathlib.Data.Finset.Max (4.4s)
✔ [1498/3521] Built Mathlib.Data.Finset.Lattice.Prod (3.6s)
✔ [1499/3521] Built Mathlib.Algebra.Order.Group.Action (2.3s)
✔ [1500/3521] Built Mathlib.Data.Finset.Lattice.Union (3.0s)
✔ [1501/3521] Built Mathlib.Order.OrdContinuous (2.9s)
✔ [1502/3521] Built Mathlib.Algebra.Module.Equiv.Basic (19s)
✔ [1503/3521] Built Mathlib.Order.Copy (3.4s)
✔ [1504/3521] Built Mathlib.Algebra.Order.Monoid.Canonical.Basic (6.2s)
✔ [1505/3521] Built Mathlib.Logic.Equiv.Nat (1.8s)
✔ [1506/3521] Built Mathlib.Order.CompleteLatticeIntervals (4.8s)
✔ [1507/3521] Built Mathlib.Data.Finset.Sigma (3.0s)
✔ [1508/3521] Built Mathlib.GroupTheory.Subsemigroup.Centralizer (2.2s)
✔ [1509/3521] Built Mathlib.Tactic.DeriveCountable (3.2s)
✔ [1510/3521] Built Mathlib.Algebra.BigOperators.Group.Finset.Basic (9.8s)
✔ [1511/3521] Built Mathlib.Order.ConditionallyCompleteLattice.Indexed (4.6s)
✔ [1512/3521] Built Mathlib.Algebra.Group.Submonoid.Basic (3.5s)
✔ [1513/3521] Built Mathlib.Algebra.Group.Subsemigroup.Membership (2.4s)
✔ [1514/3521] Built Mathlib.Data.Set.Subset (2.2s)
✔ [1515/3521] Built Mathlib.Algebra.Group.Subsemigroup.MulOpposite (2.5s)
✔ [1516/3521] Built Mathlib.Order.Filter.AtTopBot.Disjoint (1.8s)
✔ [1517/3521] Built Mathlib.Algebra.Order.CauSeq.Completion (5.6s)
✔ [1518/3521] Built Mathlib.Order.Filter.Tendsto (2.1s)
✔ [1519/3521] Built Mathlib.Order.SuccPred.Basic (6.6s)
✔ [1520/3521] Built Mathlib.Algebra.GroupWithZero.Action.Pointwise.Set (2.8s)
✔ [1521/3521] Built Mathlib.Order.Filter.Ker (1.9s)
✔ [1522/3521] Built Mathlib.GroupTheory.DedekindFinite (2.0s)
✔ [1523/3521] Built Mathlib.Order.UpperLower.Principal (2.5s)
✔ [1524/3521] Built Mathlib.Algebra.Group.TypeTags.Finite (2.2s)
✔ [1525/3521] Built Mathlib.Data.Fintype.Parity (2.1s)
✔ [1526/3521] Built Mathlib.Order.Filter.Bases.Basic (3.8s)
✔ [1527/3521] Built Mathlib.Data.Fintype.EquivFin (2.8s)
✔ [1528/3521] Built Mathlib.Algebra.Group.Subsemigroup.Operations (6.4s)
✔ [1529/3521] Built Mathlib.Algebra.Group.Action.TransferInstance (2.4s)
✔ [1530/3521] Built Mathlib.Algebra.Ring.TransferInstance (2.9s)
✔ [1531/3521] Built Mathlib.CategoryTheory.Groupoid (3.2s)
✔ [1532/3521] Built ThirdParty.Graph (2.3s)
✔ [1533/3521] Built Mathlib.CategoryTheory.MorphismProperty.Composition (3.3s)
✔ [1534/3521] Built Mathlib.Tactic.Ring.PNat (2.3s)
✔ [1535/3521] Built Mathlib.Tactic.Ring.Compare (3.3s)
✔ [1536/3521] Built Mathlib.Tactic.NormNum.ModEq (2.3s)
✔ [1537/3521] Built Mathlib.Data.List.Sym (3.7s)
✔ [1538/3521] Built Mathlib.CategoryTheory.MorphismProperty.Factorization (3.9s)
✔ [1539/3521] Built Mathlib.Tactic.Field (2.4s)
✔ [1540/3521] Built Mathlib.Tactic.Ring.RingNF (3.5s)
✔ [1541/3521] Built Mathlib.Data.Fintype.Lattice (2.2s)
✔ [1542/3521] Built Mathlib.Tactic.Linarith.Frontend (4.1s)
✔ [1543/3521] Built Mathlib.Algebra.Order.Group.Finset (2.6s)
✔ [1544/3521] Built Mathlib.Data.Countable.Basic (2.1s)
✔ [1545/3521] Built Mathlib.Data.Finset.Powerset (3.0s)
✔ [1546/3521] Built Mathlib.LinearAlgebra.GeneralLinearGroup.Basic (2.8s)
✔ [1547/3521] Built Mathlib.Algebra.Order.Nonneg.Lattice (2.6s)
✔ [1548/3521] Built Mathlib.Algebra.BigOperators.Option (2.3s)
✔ [1549/3521] Built Mathlib.Algebra.BigOperators.Group.Finset.Sigma (2.6s)
✔ [1550/3521] Built Mathlib.Logic.Encodable.Basic (3.4s)
✔ [1551/3521] Built Mathlib.NumberTheory.Harmonic.Defs (2.2s)
✔ [1552/3521] Built Mathlib.Data.Fintype.Sigma (3.9s)
✔ [1553/3521] Built Mathlib.Algebra.Group.EvenFunction (2.4s)
✔ [1554/3521] Built Mathlib.Algebra.BigOperators.Group.Finset.Indicator (2.5s)
✔ [1555/3521] Built Mathlib.Data.Multiset.Fintype (3.8s)
✔ [1556/3521] Built Mathlib.Algebra.BigOperators.Group.Finset.Lemmas (2.3s)
✔ [1557/3521] Built Mathlib.Algebra.BigOperators.GroupWithZero.Finset (2.0s)
✔ [1558/3521] Built Mathlib.Algebra.Order.Group.Indicator (2.4s)
✔ [1559/3521] Built Mathlib.Algebra.Ring.Submonoid.Basic (1.7s)
✔ [1560/3521] Built Mathlib.Order.ConditionallyCompleteLattice.Group (2.0s)
✔ [1561/3521] Built Mathlib.Data.Finset.NoncommProd (3.5s)
✔ [1562/3521] Built Mathlib.Tactic.NormNum.BigOperators (5.2s)
✔ [1563/3521] Built Mathlib.Algebra.BigOperators.Group.Finset.Piecewise (3.6s)
✔ [1564/3521] Built Mathlib.Algebra.Group.Submonoid.MulOpposite (2.5s)
✔ [1565/3521] Built Mathlib.Order.Filter.AtTopBot.Tendsto (1.0s)
✔ [1566/3521] Built Mathlib.Order.Filter.AtTopBot.Map (1.7s)
✔ [1567/3521] Built Mathlib.Order.Filter.IndicatorFunction (2.2s)
✔ [1568/3521] Built Mathlib.Data.Fin.SuccPredOrder (2.3s)
✔ [1569/3521] Built Mathlib.Data.Real.Basic (4.9s)
✔ [1570/3521] Built Mathlib.Order.Filter.Extr (3.6s)
✔ [1571/3521] Built Mathlib.Order.SuccPred.WithBot (2.6s)
✔ [1572/3521] Built Mathlib.Order.Interval.Set.SuccPred (3.2s)
✔ [1573/3521] Built Mathlib.Algebra.Order.Group.Pointwise.CompleteLattice (7.1s)
✔ [1574/3521] Built Mathlib.Order.Filter.Prod (4.7s)
✔ [1575/3521] Built Mathlib.Algebra.Ring.Action.Pointwise.Set (2.1s)
✔ [1576/3521] Built Mathlib.Order.SuccPred.Archimedean (3.5s)
✔ [1577/3521] Built Mathlib.Data.Fintype.Prod (1.0s)
✔ [1578/3521] Built Mathlib.Data.Fintype.Pigeonhole (2.1s)
✔ [1579/3521] Built Mathlib.Data.Fintype.Sum (2.3s)
✔ [1580/3521] Built Mathlib.Order.UpperLower.Closure (3.2s)
✔ [1581/3521] Built Mathlib.Order.Filter.Germ.Basic (7.0s)
✔ [1582/3521] Built Mathlib.Order.Atoms (7.0s)
✔ [1583/3521] Built Mathlib.CategoryTheory.FinCategory.Basic (2.1s)
✔ [1584/3521] Built Mathlib.Data.ZMod.Defs (2.7s)
✔ [1585/3521] Built Mathlib.Algebra.Group.Submonoid.Operations (9.8s)
✔ [1586/3521] Built Mathlib.Data.Finite.Set (1.8s)
✔ [1587/3521] Built Mathlib.Data.Fintype.Option (1.9s)
✔ [1588/3521] Built Mathlib.Logic.Equiv.Fintype (2.6s)
✔ [1589/3521] Built Mathlib.Data.Fintype.Perm (3.3s)
✔ [1590/3521] Built Mathlib.Data.Finset.Sort (5.0s)
✔ [1591/3521] Built Mathlib.Data.Set.Finite.Range (2.4s)
✔ [1592/3521] Built Mathlib.Algebra.GroupWithZero.Action.TransferInstance (1.0s)
✔ [1593/3521] Built Mathlib.Algebra.Field.TransferInstance (2.1s)
✔ [1594/3521] Built Mathlib.Algebra.Group.Shrink (2.4s)
✔ [1595/3521] Built Mathlib.Data.Set.Finite.Basic (3.8s)
✔ [1596/3521] Built Mathlib.Data.Multiset.Sym (2.2s)
✔ [1597/3521] Built Mathlib.CategoryTheory.Endomorphism (2.9s)
✔ [1598/3521] Built Mathlib.CategoryTheory.IsConnected (3.1s)
✔ [1599/3521] Built Mathlib.Tactic.Ring (2.3s)
✔ [1600/3521] Built Mathlib.CategoryTheory.EpiMono (3.1s)
✔ [1601/3521] Built Mathlib.Algebra.BigOperators.Group.Finset.Powerset (2.1s)
✔ [1602/3521] Built Mathlib.Data.Fintype.List (1.9s)
✔ [1603/3521] Built Mathlib.Tactic.LinearCombination (3.7s)
✔ [1604/3521] Built ThirdParty (4.2s)
✔ [1606/3521] Built Mathlib.Data.Fintype.Powerset (2.0s)
✔ [1607/3521] Built Mathlib.Tactic.Bound (3.3s)
✔ [1608/3521] Built Mathlib.Data.Rat.Encodable (1.8s)
✔ [1609/3521] Built Mathlib.Algebra.Order.Nonneg.Ring (2.7s)
✔ [1610/3521] Built Mathlib.Logic.Denumerable (2.9s)
✔ [1611/3521] Built Mathlib.Data.Finite.Sigma (1.9s)
✔ [1612/3521] Built Mathlib.Logic.Encodable.Lattice (2.1s)
✔ [1613/3521] Built Mathlib.Algebra.BigOperators.WithTop (2.1s)
✔ [1614/3521] Built Mathlib.Algebra.Group.Submonoid.BigOperators (2.7s)
✔ [1615/3521] Built Mathlib.Tactic.DeriveEncodable (4.2s)
✔ [1616/3521] Built Mathlib.Order.Filter.AtTopBot.CompleteLattice (2.2s)
✔ [1617/3521] Built Mathlib.Algebra.Group.Pointwise.Set.BigOperators (3.1s)
✔ [1618/3521] Built Mathlib.Algebra.Order.BigOperators.Group.Finset (5.5s)
✔ [1619/3521] Built Mathlib.Algebra.BigOperators.Pi (3.6s)
✔ [1620/3521] Built Mathlib.GroupTheory.Perm.Support (3.6s)
✔ [1621/3521] Built Mathlib.Order.Filter.AtTopBot.Monoid (2.6s)
✔ [1622/3521] Built Mathlib.Data.Real.Star (2.5s)
✔ [1623/3521] Built Mathlib.Algebra.Group.Subgroup.MulOpposite (2.0s)
✔ [1624/3521] Built Mathlib.Order.Filter.AtTopBot.Basic (3.6s)
✔ [1625/3521] Built Mathlib.Order.Filter.NAry (2.1s)
✔ [1626/3521] Built Mathlib.Order.Filter.Curry (1.6s)
✔ [1627/3521] Built Mathlib.Tactic.ComputeAsymptotics.Multiseries.Monomial.Predicates (2.5s)
✔ [1628/3521] Built Mathlib.Order.SuccPred.Relation (2.1s)
✔ [1629/3521] Built Mathlib.Order.Filter.Lift (2.4s)
✔ [1630/3521] Built Mathlib.Data.Finite.Sum (2.1s)
✔ [1631/3521] Built Mathlib.Order.Interval.Set.Monotone (2.4s)
✔ [1632/3521] Built Mathlib.Order.ZornAtoms (1.0s)
✔ [1633/3521] Built Mathlib.Data.Fin.Parity (2.0s)
✔ [1634/3521] Built Mathlib.CategoryTheory.FinCategory.AsType (2.4s)
✔ [1635/3521] Built Mathlib.Algebra.GroupWithZero.Submonoid.Instances (1.9s)
✔ [1636/3521] Built Mathlib.Data.Fintype.Sort (1.0s)
✔ [1637/3521] Built Mathlib.Algebra.Group.Submonoid.Finite (2.3s)
✔ [1638/3521] Built Mathlib.Order.SuccPred.Limit (4.9s)
✔ [1639/3521] Built Mathlib.Algebra.Ring.Shrink (2.1s)
✔ [1640/3521] Built Mathlib.GroupTheory.Submonoid.Center (2.9s)
✔ [1641/3521] Built Mathlib.Data.Set.Finite.Powerset (2.1s)
✔ [1642/3521] Built Mathlib.GroupTheory.Congruence.Basic (3.4s)
✔ [1643/3521] Built Mathlib.Algebra.Module.TransferInstance (2.0s)
✔ [1644/3521] Built Mathlib.Algebra.Group.Submonoid.Membership (5.1s)
✔ [1645/3521] Built Mathlib.Data.Finset.Preimage (2.9s)
✔ [1646/3521] Built Mathlib.Data.Nat.Count (2.3s)
✔ [1647/3521] Built Mathlib.Data.Fintype.Pi (2.8s)
✔ [1648/3521] Built Mathlib.Algebra.Star.Pointwise (2.6s)
✔ [1649/3521] Built Mathlib.Algebra.Group.Subgroup.Lattice (5.6s)
✔ [1650/3521] Built Mathlib.Algebra.FiniteSupport.Defs (2.4s)
✔ [1651/3521] Built Mathlib.Topology.Basic (2.6s)
✔ [1652/3521] Built Mathlib.Order.SupIndep (4.2s)
✔ [1653/3521] Built Mathlib.Order.Interval.Set.Infinite (2.5s)
✔ [1654/3521] Built Mathlib.Order.Preorder.Finite (2.4s)
✔ [1655/3521] Built Mathlib.GroupTheory.MonoidLocalization.Basic (8.6s)
✔ [1656/3521] Built Mathlib.Algebra.Order.BigOperators.GroupWithZero.Finset (2.8s)
✔ [1657/3521] Built Mathlib.Tactic.Group (2.7s)
✔ [1658/3521] Built Mathlib.RingTheory.Coprime.Basic (3.6s)
✔ [1659/3521] Built Mathlib.Tactic.LinearCombinationPrime (3.8s)
✔ [1660/3521] Built Mathlib.CategoryTheory.Balanced (2.5s)
✔ [1661/3521] Built Mathlib.CategoryTheory.Retract (3.5s)
✔ [1662/3521] Built Mathlib.CategoryTheory.Types.Basic (3.8s)
✔ [1663/3521] Built Mathlib.Data.Set.Finite.Lemmas (2.4s)
✔ [1664/3521] Built Mathlib.Data.SetLike.Fintype (2.4s)
✔ [1665/3521] Built Mathlib.Data.DFinsupp.Defs (7.5s)
✔ [1666/3521] Built Mathlib.Data.NNRat.Order (2.1s)
✔ [1667/3521] Built Mathlib.Data.Complex.Basic (6.0s)
✔ [1668/3521] Built Mathlib.Logic.Equiv.List (2.5s)
✔ [1669/3521] Built Mathlib.Data.List.Cycle (4.8s)
✔ [1670/3521] Built Mathlib.RingTheory.UniqueFactorizationDomain.Defs (2.8s)
✔ [1671/3521] Built Mathlib.CategoryTheory.Monad.Basic (6.2s)
✔ [1672/3521] Built Mathlib.Data.Set.Equitable (2.4s)
✔ [1673/3521] Built Mathlib.Algebra.Order.Nonneg.Field (3.9s)
✔ [1674/3521] Built Mathlib.Order.Filter.AtTopBot.Prod (2.4s)
✔ [1675/3521] Built Mathlib.GroupTheory.Perm.List (3.2s)
✔ [1676/3521] Built Mathlib.Order.Filter.AtTopBot.ModEq (2.1s)
✔ [1677/3521] Built Mathlib.GroupTheory.Coset.Defs (3.1s)
✔ [1678/3521] Built Mathlib.Order.Filter.SmallSets (1.8s)
✔ [1679/3521] Built Mathlib.Order.Filter.AtTopBot.Group (3.2s)
✔ [1680/3521] Built Mathlib.Order.SuccPred.InitialSeg (3.4s)
✔ [1681/3521] Built Mathlib.GroupTheory.Submonoid.Centralizer (3.4s)
✔ [1682/3521] Built Mathlib.Order.SuccPred.CompleteLinearOrder (4.1s)
✔ [1683/3521] Built Mathlib.Order.Filter.Ultrafilter.Defs (4.3s)
✔ [1684/3521] Built Mathlib.Algebra.Module.Shrink (4.9s)
✔ [1685/3521] Built Mathlib.Algebra.Order.SuccPred (6.4s)
✔ [1686/3521] Built Mathlib.Order.Ideal (7.2s)
✔ [1687/3521] Built Mathlib.Algebra.BigOperators.Group.Finset.Preimage (3.8s)
✔ [1688/3521] Built Mathlib.Algebra.Module.Congruence.Defs (6.7s)
✔ [1689/3521] Built Mathlib.Data.Set.Finite.Lattice (7.1s)
✔ [1690/3521] Built Mathlib.Data.Finite.Prod (3.9s)
✔ [1691/3521] Built Mathlib.Algebra.BigOperators.Group.Finset.Pi (2.8s)
✔ [1692/3521] Built Mathlib.Algebra.Notation.FiniteSupport (2.1s)
✔ [1693/3521] Built Mathlib.Algebra.GroupWithZero.NonZeroDivisors (6.6s)
✔ [1694/3521] Built Mathlib.Algebra.Star.Center (2.6s)
✔ [1695/3521] Built Mathlib.Topology.Closure (3.2s)
✔ [1696/3521] Built Mathlib.Algebra.Order.Star.Basic (9.0s)
✔ [1697/3521] Built Mathlib.Topology.Defs.Induced (2.7s)
✔ [1698/3521] Built Mathlib.Data.Finsupp.Defs (3.9s)
✔ [1699/3521] Built Mathlib.RingTheory.NonUnitalSubsemiring.Basic (8.0s)
✔ [1700/3521] Built Mathlib.GroupTheory.Perm.Sign (4.3s)
✔ [1701/3521] Built Mathlib.CategoryTheory.LiftingProperties.Basic (3.2s)
✔ [1702/3521] Built Mathlib.CategoryTheory.Functor.Hom (1.9s)
✔ [1703/3521] Built Mathlib.Order.Interval.Finset.Defs (9.6s)
✔ [1704/3521] Built Mathlib.Data.DFinsupp.Ext (2.0s)
✔ [1705/3521] Built Mathlib.CategoryTheory.ConcreteCategory.Forget (2.5s)
✔ [1706/3521] Built Mathlib.Algebra.Group.Subgroup.Map (6.4s)
✔ [1707/3521] Built Mathlib.CategoryTheory.Limits.Types.ColimitType (2.9s)
✔ [1708/3521] Built Mathlib.Data.DFinsupp.Module (2.7s)
✔ [1709/3521] Built Mathlib.Data.DFinsupp.NeLocus (2.4s)
✔ [1710/3521] Built Mathlib.Logic.Equiv.Multiset (2.0s)
✔ [1711/3521] Built Mathlib.Data.Set.Countable (2.5s)
✔ [1712/3521] Built Mathlib.Algebra.Order.Field.Rat (2.3s)
✔ [1713/3521] Built Mathlib.Order.Filter.AtTopBot.Ring (2.3s)
✔ [1714/3521] Built Mathlib.Order.Partition.Finpartition (7.7s)
✔ [1715/3521] Built Mathlib.Data.Rat.Cast.Lemmas (2.6s)
✔ [1716/3521] Built Mathlib.Dynamics.PeriodicPts.Defs (3.3s)
✔ [1717/3521] Built Mathlib.CategoryTheory.Category.Cat (5.9s)
✔ [1718/3521] Built Mathlib.GroupTheory.MonoidLocalization.Maps (8.9s)
✔ [1719/3521] Built Mathlib.Topology.Defs.Ultrafilter (2.2s)
✔ [1720/3521] Built Mathlib.SetTheory.Cardinal.Order (3.9s)
✔ [1721/3521] Built Mathlib.Data.Nat.SuccPred (2.2s)
✔ [1722/3521] Built Mathlib.Algebra.Order.SuccPred.WithBot (2.1s)
✔ [1723/3521] Built Mathlib.Order.IsNormal (3.9s)
✔ [1724/3521] Built Mathlib.Order.Filter.AtTopBot.BigOperators (2.4s)
✔ [1725/3521] Built Mathlib.Data.Nat.PrimeFin (2.2s)
✔ [1726/3521] Built Mathlib.Algebra.FiniteSupport.Basic (3.2s)
✔ [1727/3521] Built Mathlib.Order.ConditionallyCompleteLattice.Finset (3.0s)
✔ [1728/3521] Built Mathlib.Data.Set.MemPartition (2.3s)
✔ [1729/3521] Built Mathlib.Data.FunLike.Fintype (2.1s)
✔ [1730/3521] Built Mathlib.Order.Filter.Finite (2.7s)
✔ [1731/3521] Built Mathlib.Data.Fintype.Vector (2.2s)
✔ [1732/3521] Built Mathlib.Algebra.Group.Pointwise.Set.Finite (2.8s)
✔ [1733/3521] Built Mathlib.Data.Finset.NAry (4.2s)
✔ [1734/3521] Built Mathlib.Algebra.Ring.NonZeroDivisors (2.8s)
✔ [1735/3521] Built Mathlib.RingTheory.OreLocalization.NonZeroDivisors (2.9s)
✔ [1736/3521] Built Mathlib.Algebra.BigOperators.Ring.Finset (3.6s)
✔ [1737/3521] Built Mathlib.Topology.Neighborhoods (2.9s)
✔ [1738/3521] Built Mathlib.Topology.WithTopology (2.7s)
✔ [1739/3521] Built Mathlib.Order.Preorder.Finsupp (2.6s)
✔ [1740/3521] Built Mathlib.Order.Filter.Pointwise (8.4s)
✔ [1741/3521] Built Mathlib.Data.Finsupp.Single (3.5s)
✔ [1742/3521] Built Mathlib.GroupTheory.Perm.Option (2.7s)
✔ [1743/3521] Built Mathlib.Order.Atoms.Finite (2.4s)
✔ [1744/3521] Built Mathlib.CategoryTheory.Limits.Shapes.StrongEpi (2.6s)
✔ [1745/3521] Built Mathlib.Combinatorics.SimpleGraph.Basic (6.9s)
✔ [1746/3521] Built Mathlib.Algebra.Order.Interval.Finset.Basic (2.2s)
✔ [1747/3521] Built Mathlib.Algebra.Order.Antidiag.Prod (3.7s)
✔ [1748/3521] Built Mathlib.Order.SuccPred.LinearLocallyFinite (3.0s)
✔ [1749/3521] Built Mathlib.CategoryTheory.ConcreteCategory.ReflectsIso (2.4s)
✔ [1750/3521] Built Mathlib.Order.Interval.Finset.SuccPred (3.8s)
✔ [1751/3521] Built Mathlib.Algebra.Group.Subgroup.ZPowers.Basic (3.0s)
✔ [1752/3521] Built Mathlib.Logic.Equiv.Finset (2.6s)
✔ [1753/3521] Built Mathlib.Data.DFinsupp.Sigma (3.1s)
✔ [1754/3521] Built Mathlib.Algebra.Ring.Subsemiring.Basic (8.0s)
✔ [1755/3521] Built Mathlib.Order.Interval.Finset.Basic (6.6s)
✔ [1756/3521] Built Mathlib.GroupTheory.GroupAction.Basic (5.0s)
✔ [1757/3521] Built Mathlib.Order.Filter.CountableInter (2.8s)
✔ [1758/3521] Built Mathlib.MeasureTheory.MeasurableSpace.Defs (2.9s)
✔ [1759/3521] Built Mathlib.Data.DFinsupp.Order (5.4s)
✔ [1760/3521] Built Mathlib.Algebra.Category.MonCat.Basic (7.2s)
✔ [1761/3521] Built Mathlib.Algebra.Group.Subgroup.Ker (6.0s)
✔ [1762/3521] Built Mathlib.Order.Filter.AtTopBot.Field (2.9s)
✔ [1763/3521] Built Mathlib.Order.Partition.Equipartition (3.0s)
✔ [1764/3521] Built Mathlib.Data.Setoid.Partition (3.1s)
✔ [1765/3521] Built Mathlib.Tactic.NormNum.OfScientific (2.7s)
✔ [1766/3521] Built Mathlib.CategoryTheory.Category.Cat.AsSmall (2.0s)
✔ [1767/3521] Built Mathlib.CategoryTheory.IsomorphismClasses (2.1s)
✔ [1768/3521] Built Mathlib.Data.Rat.Cast.Order (4.7s)
✔ [1769/3521] Built Mathlib.GroupTheory.GroupAction.FixedPoints (3.5s)
✔ [1770/3521] Built Mathlib.Data.Int.SuccPred (1.7s)
✔ [1771/3521] Built Mathlib.GroupTheory.MonoidLocalization.MonoidWithZero (2.2s)
✔ [1772/3521] Built Mathlib.Data.Finset.Density (5.3s)
✔ [1773/3521] Built Mathlib.Tactic.CategoryTheory.ToApp (2.6s)
✔ [1774/3521] Built Mathlib.GroupTheory.MonoidLocalization.Away (2.3s)
✔ [1775/3521] Built Mathlib.Data.Fintype.Order (2.6s)
✔ [1776/3521] Built Mathlib.Order.Filter.AtTopBot.Finset (2.2s)
✔ [1777/3521] Built Mathlib.Order.Filter.Bases.Finite (2.2s)
✔ [1778/3521] Built Mathlib.Data.ENat.Basic (4.0s)
✔ [1779/3521] Built Mathlib.Data.Finset.Sym (2.9s)
✔ [1780/3521] Built Mathlib.Data.Fintype.BigOperators (3.3s)
✔ [1781/3521] Built Mathlib.Order.SupClosed (4.7s)
✔ [1782/3521] Built Mathlib.Algebra.Group.Pointwise.Finset.Scalar (3.6s)
✔ [1783/3521] Built Mathlib.Topology.NhdsSet (2.5s)
✔ [1784/3521] Built Mathlib.Combinatorics.Enumerative.DoubleCounting (2.9s)
✔ [1785/3521] Built Mathlib.RingTheory.Coprime.Lemmas (3.4s)
✔ [1786/3521] Built Mathlib.RingTheory.OreLocalization.Ring (4.6s)
✔ [1787/3521] Built Mathlib.Topology.ClusterPt (2.8s)
✔ [1788/3521] Built Mathlib.CategoryTheory.Yoneda (18s)
✔ [1789/3521] Built Mathlib.Data.Finsupp.Fin (2.5s)
✔ [1790/3521] Built Mathlib.Data.Finsupp.Indicator (2.5s)
✔ [1791/3521] Built Mathlib.Combinatorics.SimpleGraph.Dart (2.2s)
✔ [1792/3521] Built Mathlib.Logic.Encodable.Pi (2.3s)
✔ [1793/3521] Built Mathlib.Data.Finset.NatAntidiagonal (2.7s)
✔ [1794/3521] Built Mathlib.Algebra.Order.BigOperators.Ring.Finset (5.8s)
✔ [1795/3521] Built Mathlib.Algebra.Group.Finsupp (4.5s)
✔ [1796/3521] Built Mathlib.Order.Interval.Multiset (2.5s)
✔ [1797/3521] Built Mathlib.Algebra.Order.Interval.Finset.SuccPred (3.6s)
✔ [1798/3521] Built Mathlib.MeasureTheory.MeasurableSpace.EventuallyMeasurable (2.2s)
✔ [1799/3521] Built Mathlib.Order.Filter.CountableSeparatingOn (2.5s)
✔ [1800/3521] Built Mathlib.Data.Int.Interval (3.1s)
✔ [1801/3521] Built Mathlib.MeasureTheory.MeasurableSpace.Instances (2.2s)
✔ [1802/3521] Built Mathlib.Algebra.Group.Pointwise.Finset.Basic (9.0s)
✔ [1803/3521] Built Mathlib.Algebra.Group.Subgroup.ZPowers.Lemmas (1.9s)
✔ [1804/3521] Built Mathlib.Algebra.Order.Module.Rat (2.4s)
✔ [1805/3521] Built Mathlib.Tactic.Rify (2.4s)
✔ [1806/3521] Built Mathlib.Algebra.QuadraticDiscriminant (3.5s)
✔ [1807/3521] Built Mathlib.Tactic.NormNum (2.7s)
✔ [1808/3521] Built Mathlib.Algebra.Group.Graph (4.2s)
✔ [1809/3521] Built Mathlib.Algebra.Group.AddChar (5.6s)
✔ [1810/3521] Built Mathlib.GroupTheory.GroupAction.FixingSubgroup (3.6s)
✔ [1811/3521] Built Mathlib.Algebra.BigOperators.Field (2.7s)
✔ [1812/3521] Built Mathlib.GroupTheory.QuotientGroup.Defs (6.0s)
✔ [1813/3521] Built Mathlib.Order.Filter.CountablyGenerated (2.2s)
✔ [1814/3521] Built Mathlib.Tactic.Positivity.Finset (3.7s)
✔ [1815/3521] Built Mathlib.Algebra.Category.Grp.Basic (8.5s)
✔ [1816/3521] Built Mathlib.Algebra.Group.Subgroup.Basic (8.3s)
✔ [1817/3521] Built Mathlib.GroupTheory.FreeGroup.Basic (8.5s)
✔ [1818/3521] Built Mathlib.Order.Filter.AtTopBot.Finite (2.5s)
✔ [1819/3521] Built Mathlib.Order.Filter.Pi (2.5s)
✔ [1820/3521] Built Mathlib.Order.Filter.Interval (3.8s)
✔ [1821/3521] Built Mathlib.Tactic.ENatToNat (2.2s)
✔ [1822/3521] Built Mathlib.Data.ENat.Pow (2.6s)
✔ [1823/3521] Built Mathlib.Data.Finsupp.Fintype (2.0s)
✔ [1824/3521] Built Mathlib.Data.Fintype.CardEmbedding (2.3s)
✔ [1825/3521] Built Mathlib.CategoryTheory.Bicategory.Functor.Oplax (6.7s)
✔ [1826/3521] Built Mathlib.Data.Sym.Card (3.4s)
✔ [1827/3521] Built Mathlib.Data.Sign.Basic (3.4s)
✔ [1828/3521] Built Mathlib.MeasureTheory.MeasurableSpace.Basic (2.8s)
✔ [1829/3521] Built Mathlib.CategoryTheory.Bicategory.Functor.Lax (7.2s)
✔ [1830/3521] Built Mathlib.RingTheory.Multiplicity (5.9s)
✔ [1831/3521] Built Mathlib.Topology.Continuous (2.8s)
✔ [1832/3521] Built Mathlib.Algebra.Category.MonCat.ForgetCorepresentable (2.6s)
✔ [1833/3521] Built Mathlib.SetTheory.Cardinal.Basic (5.1s)
✔ [1834/3521] Built Mathlib.Order.Sublattice (4.6s)
✔ [1835/3521] Built Mathlib.Data.W.Basic (2.4s)
✔ [1836/3521] Built Mathlib.Algebra.BigOperators.NatAntidiagonal (2.2s)
✔ [1837/3521] Built Mathlib.Data.Nat.Fib.Basic (2.8s)
✔ [1838/3521] Built Mathlib.Data.Nat.Factorial.BigOperators (2.6s)
✔ [1839/3521] Built Mathlib.Data.Finsupp.SMulWithZero (2.2s)
✔ [1840/3521] Built Mathlib.Data.Finsupp.Ext (2.2s)
✔ [1841/3521] Built Mathlib.Combinatorics.SimpleGraph.Walk.Basic (5.5s)
✔ [1842/3521] Built Mathlib.Algebra.Order.Ring.Interval (2.4s)
✔ [1843/3521] Built Mathlib.Combinatorics.SimpleGraph.Maps (6.2s)
✔ [1844/3521] Built Mathlib.Order.Interval.Finset.Nat (3.0s)
✔ [1845/3521] Built Mathlib.Tactic.Linarith (2.1s)
✔ [1846/3521] Built Mathlib.RingTheory.Localization.Defs (9.1s)
✔ [1847/3521] Built Mathlib.Tactic.NormNum.NatLog (2.3s)
✔ [1848/3521] Built Mathlib.Tactic.NormNum.NatFactorial (2.4s)
✔ [1849/3521] Built Mathlib.Tactic.NormNum.NatSqrt (2.1s)
✔ [1850/3521] Built Mathlib.Tactic.NormNum.GCD (3.7s)
✔ [1851/3521] Built Mathlib.GroupTheory.QuotientGroup.ModEq (1.8s)
✔ [1852/3521] Built Mathlib.Algebra.CharZero.Quotient (2.3s)
✔ [1853/3521] Built Mathlib.CategoryTheory.Adjunction.Basic (9.5s)
✔ [1854/3521] Built Mathlib.Order.Filter.Subsingleton (1.8s)
✔ [1855/3521] Built Mathlib.Tactic.IntervalCases (3.6s)
✔ [1856/3521] Built Mathlib.Tactic.Positivity (1.7s)
✔ [1857/3521] Built Mathlib.GroupTheory.Subgroup.Simple (1.9s)
✔ [1858/3521] Built Mathlib.Algebra.Group.UniqueProds.Basic (6.3s)
✔ [1859/3521] Built Mathlib.Algebra.Group.Subgroup.Order (2.1s)
✔ [1860/3521] Built Mathlib.Algebra.Group.Subgroup.MulOppositeLemmas (2.4s)
✔ [1861/3521] Built Mathlib.Algebra.BigOperators.Finprod (10s)
✔ [1862/3521] Built Mathlib.GroupTheory.Subgroup.Center (2.4s)
✔ [1863/3521] Built Mathlib.Order.Filter.AtTopBot.CountablyGenerated (2.2s)
✔ [1864/3521] Built Mathlib.Order.Filter.Cofinite (2.6s)
✔ [1865/3521] Built Mathlib.Data.Seq.Basic (3.3s)
✔ [1866/3521] Built Mathlib.NumberTheory.Padics.PadicVal.Defs (2.5s)
✔ [1867/3521] Built Mathlib.RingTheory.NonUnitalSubring.Basic (5.6s)
✔ [1868/3521] Built Mathlib.Topology.Separation.SeparatedNhds (2.8s)
✔ [1869/3521] Built Mathlib.GroupTheory.Coset.Basic (5.9s)
✔ [1870/3521] Built Mathlib.SetTheory.Cardinal.ENat (3.5s)
✔ [1871/3521] Built Mathlib.Algebra.Category.Ring.Basic (7.5s)
✔ [1872/3521] Built Mathlib.Topology.Order (4.1s)
✔ [1873/3521] Built Mathlib.Data.PFunctor.Univariate.Basic (2.3s)
✔ [1874/3521] Built Mathlib.SetTheory.Cardinal.Cofinality.Basic (2.0s)
✔ [1875/3521] Built Mathlib.Tactic.NormNum.NatFib (2.8s)
✔ [1876/3521] Built Mathlib.Combinatorics.SimpleGraph.Walk.Chord (2.0s)
✔ [1877/3521] Built Mathlib.Combinatorics.SimpleGraph.Walk.Traversal (2.9s)
✔ [1878/3521] Built Mathlib.CategoryTheory.Limits.Cones (20s)
✔ [1879/3521] Built Mathlib.Order.Lattice.Nat (2.9s)
✔ [1880/3521] Built Mathlib.Order.PartialSups (3.2s)
✔ [1881/3521] Built Mathlib.SetTheory.Ordinal.Basic (7.9s)
✔ [1882/3521] Built Mathlib.Combinatorics.SimpleGraph.Finite (5.0s)
✔ [1883/3521] Built Mathlib.Tactic.Simproc.FinsetInterval (4.5s)
✔ [1884/3521] Built Mathlib.Algebra.BigOperators.Finsupp.Basic (6.0s)
✔ [1885/3521] Built Mathlib.Data.Nat.Choose.Central (2.6s)
✔ [1886/3521] Built Mathlib.CategoryTheory.Bicategory.Functor.Pseudofunctor (12s)
✔ [1887/3521] Built Mathlib.Data.Nat.Digits.Defs (3.4s)
✔ [1888/3521] Built Mathlib.Order.BooleanSubalgebra (9.5s)
✔ [1889/3521] Built Mathlib.Order.Interval.Finset.Fin (5.1s)
✔ [1890/3521] Built Mathlib.RingTheory.Localization.Integer (2.9s)
✔ [1891/3521] Built Mathlib.Tactic.NormNum.IsCoprime (2.8s)
✔ [1892/3521] Built Mathlib.CategoryTheory.LiftingProperties.Adjunction (2.9s)
✔ [1893/3521] Built Mathlib.Algebra.FreeMonoid.UniqueProds (1.0s)
✔ [1894/3521] Built Mathlib.Order.Filter.EventuallyConst (2.3s)
✔ [1895/3521] Built Mathlib.Algebra.Group.Subgroup.Actions (2.4s)
✔ [1896/3521] Built Mathlib.CategoryTheory.Adjunction.FullyFaithful (3.3s)
✔ [1897/3521] Built Mathlib.Algebra.BigOperators.GroupWithZero.Action (2.9s)
✔ [1898/3521] Built Mathlib.Tactic.NormNum.IsSquare (5.4s)
✔ [1899/3521] Built Mathlib.CategoryTheory.Skeletal (3.0s)
✔ [1900/3521] Built Mathlib.NumberTheory.Divisors (10s)
✔ [1901/3521] Built Mathlib.GroupTheory.Subgroup.Centralizer (3.5s)
✔ [1902/3521] Built Mathlib.Order.Filter.Ultrafilter.Basic (3.0s)
✔ [1903/3521] Built Mathlib.Topology.Bornology.Basic (3.1s)
✔ [1904/3521] Built Mathlib.Algebra.Order.Floor.Ring (8.9s)
✔ [1905/3521] Built Mathlib.SetTheory.Cardinal.ToNat (3.2s)
✔ [1906/3521] Built Mathlib.CategoryTheory.Adjunction.Mates (7.4s)
✔ [1907/3521] Built Mathlib.Order.Filter.IsBounded (4.3s)
✔ [1908/3521] Built Mathlib.Topology.UniformSpace.Defs (4.1s)
✔ [1909/3521] Built Cslib.Foundations.Data.PFunctor.Free (3.3s)
✔ [1910/3521] Built Mathlib.Topology.Maps.Basic (4.0s)
✔ [1911/3521] Built Mathlib.Order.OrderIsoNat (2.7s)
✔ [1912/3521] Built Mathlib.RingTheory.Nilpotent.Defs (2.7s)
✔ [1913/3521] Built Mathlib.Dynamics.PeriodicPts.Lemmas (3.2s)
✔ [1914/3521] Built Mathlib.Combinatorics.SimpleGraph.Walk.Operations (5.2s)
✔ [1915/3521] Built Mathlib.Data.ENat.Lattice (3.7s)
✔ [1916/3521] Built Mathlib.Order.SetAccumulate (2.8s)
✔ [1917/3521] Built Mathlib.Algebra.Order.SuccPred.PartialSups (2.7s)
✔ [1918/3521] Built Mathlib.SetTheory.Ordinal.Univ (2.8s)
✔ [1919/3521] Built Mathlib.Algebra.Star.BigOperators (2.1s)
✔ [1920/3521] Built Mathlib.Combinatorics.SimpleGraph.DeleteEdges (2.7s)
✔ [1921/3521] Built Mathlib.Algebra.BigOperators.Associated (2.7s)
✔ [1922/3521] Built Mathlib.Data.Fintype.Fin (2.6s)
✔ [1923/3521] Built Mathlib.Order.Disjointed (3.3s)
✔ [1924/3521] Built Mathlib.CategoryTheory.Functor.EpiMono (3.0s)
✔ [1925/3521] Built Mathlib.SetTheory.Ordinal.Arithmetic (6.6s)
✔ [1926/3521] Built Mathlib.Algebra.Module.BigOperators (2.2s)
✔ [1927/3521] Built Mathlib.Algebra.Ring.Subring.Basic (12s)
✔ [1928/3521] Built Mathlib.Algebra.BigOperators.Expect (4.7s)
✔ [1929/3521] Built Mathlib.CategoryTheory.Limits.IsLimit (11s)
✔ [1930/3521] Built Mathlib.CategoryTheory.EssentiallySmall (3.1s)
✔ [1931/3521] Built Mathlib.Tactic.Simproc.Divisors (2.3s)
✔ [1932/3521] Built Mathlib.GroupTheory.GroupAction.ConjAct (3.1s)
✔ [1933/3521] Built Mathlib.CategoryTheory.Bicategory.Free (8.9s)
✔ [1934/3521] Built Mathlib.Topology.Ultrafilter (2.2s)
✔ [1935/3521] Built Mathlib.Data.DFinsupp.BigOperators (5.8s)
✔ [1936/3521] Built Mathlib.Topology.Bornology.Constructions (2.5s)
✔ [1937/3521] Built Mathlib.Topology.Bornology.Absorbs (2.9s)
✔ [1938/3521] Built Mathlib.Topology.Bornology.Hom (2.4s)
✔ [1939/3521] Built Mathlib.Data.Matrix.Mul (8.3s)
✔ [1940/3521] Built Mathlib.Algebra.Order.Round (3.5s)
✔ [1941/3521] Built Mathlib.Data.Finsupp.Basic (12s)
✔ [1942/3521] Built Mathlib.GroupTheory.GroupAction.SubMulAction (11s)
✔ [1943/3521] Built Mathlib.Topology.UniformSpace.OfFun (2.6s)
✔ [1944/3521] Built Mathlib.SetTheory.Cardinal.Finite (3.6s)
✔ [1945/3521] Built Mathlib.Topology.Maps.OpenQuotient (2.9s)
✔ [1946/3521] Built Mathlib.GroupTheory.Commutator.Basic (7.1s)
✔ [1947/3521] Built ResourceAware.Program.Model (3.9s)
✔ [1948/3521] Built Mathlib.Order.LiminfLimsup (5.2s)
✔ [1949/3521] Built Mathlib.Order.WellQuasiOrder (2.7s)
✔ [1950/3521] Built Mathlib.Order.SetDissipate (2.4s)
✔ [1951/3521] Built Mathlib.Combinatorics.SimpleGraph.Walk.Maps (3.2s)
✔ [1952/3521] Built Mathlib.RingTheory.UniqueFactorizationDomain.Basic (3.4s)
✔ [1953/3521] Built Mathlib.Order.CompactlyGenerated.Basic (5.2s)
✔ [1954/3521] Built Mathlib.Algebra.Order.BigOperators.Group.LocallyFinite (3.7s)
✔ [1955/3521] Built Mathlib.MeasureTheory.MeasurableSpace.Constructions (5.5s)
✔ [1956/3521] Built Mathlib.SetTheory.Ordinal.Family (5.1s)
✔ [1957/3521] Built Mathlib.Combinatorics.SimpleGraph.Subgraph (7.6s)
✔ [1958/3521] Built Mathlib.Order.RelSeries (9.9s)
✔ [1959/3521] Built Mathlib.Algebra.BigOperators.Balance (3.4s)
✔ [1960/3521] Built Mathlib.Combinatorics.Enumerative.InclusionExclusion (5.8s)
✔ [1961/3521] Built Mathlib.CategoryTheory.Monad.Algebra (7.1s)
✔ [1962/3521] Built Mathlib.CategoryTheory.Monoidal.Functor (20s)
✔ [1963/3521] Built Mathlib.Algebra.Ring.Action.ConjAct (1.8s)
✔ [1964/3521] Built Mathlib.Algebra.Order.BigOperators.Expect (5.7s)
✔ [1965/3521] Built Mathlib.CategoryTheory.ObjectProperty.Small (3.1s)
✔ [1966/3521] Built Mathlib.Tactic.CategoryTheory.BicategoryCoherence (2.4s)
✔ [1967/3521] Built Mathlib.Data.DFinsupp.Submonoid (2.1s)
✔ [1968/3521] Built Mathlib.GroupTheory.Congruence.BigOperators (2.4s)
✔ [1969/3521] Built Mathlib.Topology.Order.Bornology (2.1s)
✔ [1970/3521] Built Mathlib.CategoryTheory.Limits.Shapes.IsTerminal (6.7s)
✔ [1971/3521] Built Mathlib.LinearAlgebra.Matrix.Action (2.8s)
✔ [1972/3521] Built Mathlib.LinearAlgebra.Matrix.SemiringInverse (3.4s)
✔ [1973/3521] Built Mathlib.CategoryTheory.ShrinkYoneda (6.6s)
✔ [1974/3521] Built Mathlib.Data.Finsupp.Multiset (3.3s)
✔ [1975/3521] Built Mathlib.Algebra.BigOperators.Fin (13s)
✔ [1976/3521] Built Mathlib.Data.Finsupp.Option (2.8s)
✔ [1977/3521] Built Mathlib.Data.Finsupp.SMul (2.9s)
✔ [1978/3521] Built Mathlib.Data.Finsupp.Order (4.4s)
✔ [1979/3521] Built Mathlib.Data.Rat.Floor (5.5s)
✔ [1980/3521] Built Mathlib.CategoryTheory.Limits.HasLimits (9.4s)
✔ [1981/3521] Built Mathlib.GroupTheory.GroupAction.SubMulAction.Pointwise (2.0s)
✔ [1982/3521] Built Mathlib.Algebra.GroupWithZero.Units.Fintype (1.9s)
✔ [1983/3521] Built Mathlib.SetTheory.Cardinal.NatCard (2.2s)
✔ [1984/3521] Built Mathlib.Algebra.Module.Submodule.Defs (4.4s)
✔ [1985/3521] Built Mathlib.GroupTheory.Abelianization.Defs (2.4s)
✔ [1986/3521] Built Mathlib.Topology.Homeomorph.Defs (3.6s)
✔ [1987/3521] Built Mathlib.GroupTheory.Coset.Card (4.3s)
✔ [1988/3521] Built ResourceAware.Program.Instrumentation (3.8s)
✔ [1989/3521] Built ResourceAware.Algorithms.GraphTraversal.Language (3.7s)
✔ [1990/3521] Built ResourceAware.Algorithms.Sorting.Model (4.1s)
✔ [1991/3521] Built Mathlib.GroupTheory.GroupAction.Quotient (6.0s)
✔ [1992/3521] Built Mathlib.Order.WellFoundedSet (4.7s)
✔ [1993/3521] Built Mathlib.Data.Set.Card (7.6s)
✔ [1994/3521] Built Mathlib.MeasureTheory.PiSystem (4.2s)
✔ [1995/3521] Built Mathlib.Topology.Algebra.InfiniteSum.SummationFilter (5.6s)
✔ [1996/3521] Built Mathlib.Algebra.MonoidAlgebra.Defs (11s)
✔ [1997/3521] Built Mathlib.RingTheory.UniqueFactorizationDomain.NormalizedFactors (4.2s)
✔ [1998/3521] Built Mathlib.Combinatorics.SimpleGraph.Walk.Subwalks (4.7s)
✔ [1999/3521] Built Mathlib.Order.CompactlyGenerated.Intervals (2.8s)
✔ [2000/3521] Built Mathlib.MeasureTheory.MeasurableSpace.MeasurablyGenerated (3.2s)
✔ [2001/3521] Built Mathlib.RingTheory.UniqueFactorizationDomain.FactorSet (4.6s)
✔ [2002/3521] Built Mathlib.Algebra.BigOperators.Intervals (4.7s)
✔ [2003/3521] Built Mathlib.SetTheory.Cardinal.Cofinality.Enum (2.8s)
✔ [2004/3521] Built Mathlib.SetTheory.Ordinal.Enum (2.4s)
✔ [2005/3521] Built Mathlib.SetTheory.Ordinal.Exponential (3.7s)
✔ [2006/3521] Built Mathlib.Combinatorics.SimpleGraph.Operations (4.3s)
✔ [2007/3521] Built Mathlib.Data.Complex.BigOperators (3.4s)
✔ [2008/3521] Built Mathlib.Combinatorics.SimpleGraph.Copy (5.5s)
✔ [2009/3521] Built Mathlib.Order.JordanHolder (5.5s)
✔ [2010/3521] Built Mathlib.Data.Fin.Tuple.Reflection (3.7s)
✔ [2011/3521] Built Mathlib.Algebra.BigOperators.Finsupp.Fin (2.2s)
✔ [2012/3521] Built Mathlib.MeasureTheory.MeasurableSpace.Embedding (7.7s)
✔ [2013/3521] Built Mathlib.Data.Fin.Tuple.NatAntidiagonal (2.8s)
✔ [2014/3521] Built Mathlib.CategoryTheory.Monoidal.Free.Basic (6.3s)
✔ [2015/3521] Built Mathlib.Combinatorics.Enumerative.Composition (5.3s)
✔ [2016/3521] Built Mathlib.LinearAlgebra.Finsupp.SumProd (2.7s)
✔ [2017/3521] Built Mathlib.Data.Finsupp.ToDFinsupp (3.3s)
✔ [2018/3521] Built Mathlib.Order.KrullDimension (8.7s)
✔ [2019/3521] Built Mathlib.Algebra.DirectSum.Basic (6.9s)
✔ [2020/3521] Built Mathlib.Data.Finsupp.Antidiagonal (2.7s)
✔ [2021/3521] Built Mathlib.Data.Nat.Factorization.Defs (3.2s)
✔ [2022/3521] Built Mathlib.CategoryTheory.Limits.Types.Colimits (3.1s)
✔ [2023/3521] Built Mathlib.LinearAlgebra.Finsupp.Defs (6.3s)
✔ [2024/3521] Built Mathlib.CategoryTheory.Limits.Shapes.Terminal (4.1s)
✔ [2025/3521] Built Mathlib.CategoryTheory.Limits.Types.Limits (3.6s)
✔ [2026/3521] Built Mathlib.Algebra.Order.Archimedean.Basic (5.7s)
✔ [2027/3521] Built Mathlib.Algebra.Group.Subgroup.Finite (3.3s)
✔ [2028/3521] Built Mathlib.CategoryTheory.Limits.Preserves.Basic (3.9s)
✔ [2029/3521] Built Mathlib.Algebra.Category.Ring.Colimits (5.5s)
✔ [2030/3521] Built Mathlib.RingTheory.Artinian.Defs (1.6s)
✔ [2031/3521] Built Mathlib.Algebra.Module.Submodule.Basic (2.5s)
✔ [2032/3521] Built Mathlib.RingTheory.Ideal.Defs (2.0s)
✔ [2033/3521] Built Mathlib.GroupTheory.Solvable (2.3s)
✔ [2034/3521] Built Mathlib.LinearAlgebra.Quotient.Defs (3.6s)
✔ [2035/3521] Built Mathlib.Algebra.Module.Submodule.LinearMap (3.8s)
✔ [2036/3521] Built Mathlib.Algebra.Module.Submodule.Lattice (5.2s)
✔ [2037/3521] Built ResourceAware.Program.Interpreter (3.6s)
✔ [2038/3521] Built TextbookAlgorithms.KleinbergTardos.Chapter03.DFS.Algorithm (2.8s)
✔ [2039/3521] Built TextbookAlgorithms.KleinbergTardos.Chapter03.BFS.Algorithm (2.8s)
✔ [2040/3521] Built Mathlib.Topology.Constructions.SumProd (4.8s)
✔ [2041/3521] Built Mathlib.CategoryTheory.Limits.Shapes.WidePullbacks (10s)
✔ [2042/3521] Built TextbookAlgorithms.KleinbergTardos.Chapter13.RandomizedQuicksort.Algorithm (3.2s)
✔ [2043/3521] Built Mathlib.GroupTheory.FreeAbelianGroup (5.5s)
✔ [2044/3521] Built TextbookAlgorithms.KleinbergTardos.Chapter05.MergeSort.Algorithm (3.6s)
✔ [2045/3521] Built Mathlib.MeasureTheory.MeasurableSpace.Pi (1.9s)
✔ [2046/3521] Built Mathlib.Data.DFinsupp.Lex (3.9s)
✔ [2047/3521] Built Mathlib.RingTheory.UniqueFactorizationDomain.Nat (1.9s)
✔ [2048/3521] Built Mathlib.Algebra.Group.Pointwise.Set.Card (2.9s)
✔ [2049/3521] Built Mathlib.Algebra.Group.Submonoid.Pointwise (3.5s)
✔ [2050/3521] Built Mathlib.RingTheory.UniqueFactorizationDomain.Multiplicity (2.4s)
✔ [2051/3521] Built Mathlib.RingTheory.UniqueFactorizationDomain.Finite (2.3s)
✔ [2052/3521] Built Mathlib.Combinatorics.Matroid.Basic (3.8s)
✔ [2053/3521] Built Mathlib.Algebra.MonoidAlgebra.Division (2.8s)
✔ [2054/3521] Built Mathlib.Algebra.MonoidAlgebra.Lift (2.5s)
✔ [2055/3521] Built Mathlib.RingTheory.UniqueFactorizationDomain.GCDMonoid (2.4s)
✔ [2056/3521] Built Mathlib.Data.Nat.Factorial.SuperFactorial (2.2s)
✔ [2057/3521] Built Mathlib.Combinatorics.SimpleGraph.Walk.Decomp (2.9s)
✔ [2058/3521] Built Mathlib.Algebra.MonoidAlgebra.Opposite (3.5s)
✔ [2059/3521] Built Mathlib.Algebra.BigOperators.Module (2.5s)
✔ [2060/3521] Built Mathlib.Data.Nat.Digits.Lemmas (3.3s)
✔ [2061/3521] Built Mathlib.Data.Nat.Choose.Sum (3.2s)
✔ [2062/3521] Built Mathlib.Algebra.Ring.GeomSum (3.2s)
✔ [2063/3521] Built Mathlib.SetTheory.Ordinal.FixedPoint (2.0s)
✔ [2064/3521] Built Mathlib.Combinatorics.SimpleGraph.Extremal.Basic (2.0s)
✔ [2065/3521] Built Mathlib.CategoryTheory.Limits.Shapes.Products (17s)
✔ [2066/3521] Built Mathlib.MeasureTheory.MeasurableSpace.Prod (2.3s)
✔ [2067/3521] Built Mathlib.Tactic.Simproc.VecPerm (2.9s)
✔ [2068/3521] Built Mathlib.Tactic.NormNum.Ordinal (3.8s)
✔ [2069/3521] Built Mathlib.CategoryTheory.Comma.StructuredArrow.Basic (25s)
✔ [2070/3521] Built Mathlib.MeasureTheory.MeasurableSpace.CountablyGenerated (3.5s)
✔ [2071/3521] Built Mathlib.Data.DFinsupp.Small (1.0s)
✔ [2072/3521] Built Mathlib.Algebra.MonoidAlgebra.MapDomain (8.3s)
✔ [2073/3521] Built Mathlib.Data.Nat.Factorization.Induction (2.5s)
✔ [2074/3521] Built Mathlib.CategoryTheory.Limits.Shapes.ZeroObjects (2.4s)
✔ [2075/3521] Built Mathlib.Tactic.CategoryTheory.Coherence (3.2s)
✔ [2076/3521] Built Mathlib.Algebra.Order.Antidiag.Pi (4.9s)
✔ [2077/3521] Built Mathlib.Data.Nat.Factorization.Basic (3.7s)
✔ [2078/3521] Built Mathlib.GroupTheory.Archimedean (3.2s)
✔ [2079/3521] Built Mathlib.CategoryTheory.Limits.Preserves.Shapes.Terminal (2.5s)
✔ [2080/3521] Built Mathlib.RingTheory.Ideal.BigOperators (2.3s)
✔ [2081/3521] Built Mathlib.Algebra.Order.Archimedean.Real.Basic (3.7s)
✔ [2082/3521] Built Mathlib.Order.Filter.AtTopBot.Archimedean (3.6s)
✔ [2083/3521] Built Mathlib.CategoryTheory.Limits.Preserves.Limits (2.9s)
✔ [2084/3521] Built Mathlib.LinearAlgebra.Quotient.Card (2.3s)
✔ [2085/3521] Built Mathlib.RingTheory.Ideal.Quotient.Defs (3.1s)
✔ [2086/3521] Built Mathlib.CategoryTheory.Limits.Types.Yoneda (5.9s)
✔ [2087/3521] Built Mathlib.RingTheory.Ideal.Lattice (2.1s)
✔ [2088/3521] Built Mathlib.CategoryTheory.Limits.Creates (4.7s)
✔ [2089/3521] Built ResourceAware.Program.Cost (2.7s)
✔ [2090/3521] Built Mathlib.Algebra.Module.Submodule.RestrictScalars (3.2s)
✔ [2091/3521] Built Mathlib.Topology.Algebra.Monoid.Defs (2.5s)
✔ [2092/3521] Built Mathlib.RingTheory.FreeRing (2.4s)
✔ [2093/3521] Built Mathlib.Algebra.FreeAbelianGroup.Finsupp (2.6s)
✔ [2094/3521] Built Mathlib.LinearAlgebra.Finsupp.LSum (5.5s)
✔ [2095/3521] Built TextbookAlgorithms.KleinbergTardos.Chapter13.RandomizedQuicksort.ResourceModel (3.3s)
✔ [2096/3521] Built Mathlib.LinearAlgebra.Span.Defs (5.5s)
✔ [2097/3521] Built Mathlib.Topology.Constructions (5.8s)
✔ [2098/3521] Built Mathlib.Data.Finsupp.Lex (4.3s)
✔ [2099/3521] Built Mathlib.Algebra.GroupWithZero.Submonoid.Pointwise (2.9s)
✔ [2100/3521] Built Mathlib.Algebra.Module.Submodule.Map (8.2s)
✔ [2101/3521] Built Mathlib.RingTheory.ChainOfDivisors (4.3s)
✔ [2102/3521] Built Mathlib.Algebra.Ring.Submonoid.Pointwise (3.6s)
✔ [2103/3521] Built Mathlib.Algebra.Group.Submonoid.Units (5.1s)
✔ [2104/3521] Built Mathlib.Algebra.Group.Subgroup.Pointwise (5.4s)
✔ [2105/3521] Built Mathlib.Algebra.MonoidAlgebra.NoZeroDivisors (3.2s)
✔ [2106/3521] Built Mathlib.RingTheory.Nilpotent.Basic (3.0s)
✔ [2107/3521] Built Mathlib.Algebra.Field.GeomSum (2.7s)
✔ [2108/3521] Built Mathlib.Algebra.Order.Ring.GeomSum (3.0s)
✔ [2109/3521] Built Mathlib.Combinatorics.SimpleGraph.Paths (5.7s)
✔ [2110/3521] Built Mathlib.Algebra.Order.Ring.IsNonarchimedean (4.2s)
✔ [2111/3521] Built Mathlib.CategoryTheory.EffectiveEpi.Basic (3.0s)
✔ [2112/3521] Built Mathlib.SetTheory.Ordinal.Principal (3.5s)
✔ [2113/3521] Built Mathlib.Data.Nat.Factorization.PrimePow (2.3s)
✔ [2114/3521] Built Mathlib.Algebra.Order.Antidiag.Finsupp (3.5s)
✔ [2115/3521] Built Mathlib.Data.Nat.Factorization.LCM (2.1s)
✔ [2116/3521] Built Mathlib.Data.Real.Pointwise (2.4s)
✔ [2117/3521] Built Mathlib.Combinatorics.Matroid.IndepAxioms (8.6s)
✔ [2118/3521] Built Mathlib.RingTheory.Ideal.Prime (2.3s)
✔ [2119/3521] Built Mathlib.CategoryTheory.Limits.Preserves.Ulift (1.8s)
✔ [2120/3521] Built Mathlib.Topology.Algebra.Group.Defs (2.1s)
✔ [2121/3521] Built TextbookAlgorithms.KleinbergTardos.Chapter05.MergeSort.ResourceModel (2.5s)
✔ [2122/3521] Built Mathlib.Topology.GDelta.Basic (2.3s)
✔ [2123/3521] Built Mathlib.Topology.LocallyClosed (2.4s)
✔ [2124/3521] Built Mathlib.Data.NNReal.Defs (6.5s)
✔ [2125/3521] Built Mathlib.Topology.Hom.ContinuousEvalConst (2.2s)
✔ [2126/3521] Built Mathlib.CategoryTheory.Adjunction.Limits (5.4s)
✔ [2127/3521] Built Mathlib.CategoryTheory.Elements (9.4s)
✔ [2128/3521] Built Mathlib.CategoryTheory.Limits.FunctorCategory.Basic (7.5s)
✔ [2129/3521] Built Mathlib.Algebra.Category.MonCat.Limits (7.3s)
✔ [2130/3521] Built Mathlib.Topology.NhdsWithin (3.6s)
✔ [2131/3521] Built Mathlib.Algebra.Ring.Subsemiring.Pointwise (3.0s)
✔ [2132/3521] Built Mathlib.Algebra.Ring.Subring.Units (2.1s)
✔ [2133/3521] Built Mathlib.LinearAlgebra.AffineSpace.AffineSubspace.Defs (6.3s)
✔ [2134/3521] Built Mathlib.Algebra.Module.Submodule.Invariant (2.9s)
✔ [2135/3521] Built Mathlib.Algebra.Module.Submodule.Ker (3.8s)
✔ [2136/3521] Built Mathlib.Algebra.GroupWithZero.Subgroup (2.7s)
✔ [2137/3521] Built Mathlib.Algebra.Squarefree.Basic (3.1s)
✔ [2138/3521] Built Mathlib.Data.Nat.Choose.Factorization (2.0s)
✔ [2139/3521] Built Mathlib.GroupTheory.Finiteness (4.0s)
✔ [2140/3521] Built Mathlib.Algebra.GroupWithZero.Range (4.3s)
✔ [2141/3521] Built Mathlib.Combinatorics.Enumerative.Partition.Basic (3.2s)
✔ [2142/3521] Built Mathlib.Algebra.Order.CauSeq.BigOperators (5.8s)
✔ [2143/3521] Built Mathlib.RingTheory.Spectrum.Prime.Defs (2.4s)
✔ [2144/3521] Built Mathlib.Combinatorics.SimpleGraph.Connectivity.Connected (4.8s)
✔ [2145/3521] Built Mathlib.Combinatorics.Matroid.Dual (3.3s)
✔ [2146/3521] Built Mathlib.SetTheory.Cardinal.Aleph (5.3s)
✔ [2147/3521] Built TextbookAlgorithms.KleinbergTardos.Chapter05.MergeSort.Correctness (3.3s)
✔ [2148/3521] Built Mathlib.Data.Int.WithZero (2.4s)
✔ [2149/3521] Built Mathlib.GroupTheory.QuotientGroup.Basic (8.8s)
✔ [2150/3521] Built Mathlib.Topology.Baire.Lemmas (2.8s)
✔ [2151/3521] Built Mathlib.Combinatorics.SimpleGraph.Clique (7.9s)
✔ [2152/3521] Built Mathlib.Data.NNReal.Basic (3.2s)
✔ [2153/3521] Built Mathlib.Topology.Hom.ContinuousEval (2.4s)
✔ [2154/3521] Built Mathlib.CategoryTheory.Limits.Yoneda (3.1s)
✔ [2155/3521] Built Mathlib.Topology.Algebra.ContinuousMonoidHom (6.6s)
✔ [2156/3521] Built Mathlib.Algebra.Module.Submodule.IterateMapComap (2.3s)
✔ [2157/3521] Built Mathlib.Data.ENNReal.Basic (5.1s)
✔ [2158/3521] Built Mathlib.Algebra.Module.Submodule.EqLocus (2.5s)
✔ [2159/3521] Built Mathlib.GroupTheory.Divisible (2.9s)
✔ [2160/3521] Built Mathlib.Topology.ContinuousOn (4.0s)
✔ [2161/3521] Built Mathlib.Data.Nat.Multiplicity (2.9s)
✔ [2162/3521] Built Mathlib.Algebra.Ring.Subring.Pointwise (3.4s)
✔ [2163/3521] Built Mathlib.Algebra.Module.Submodule.Range (4.7s)
✔ [2164/3521] Built Mathlib.Algebra.Order.GroupWithZero.Range (2.6s)
✔ [2165/3521] Built Mathlib.GroupTheory.Rank (2.8s)
✔ [2166/3521] Built Mathlib.Data.Nat.Squarefree (3.7s)
✔ [2167/3521] Built Mathlib.Analysis.Normed.Group.Seminorm (8.1s)
✔ [2168/3521] Built Mathlib.Algebra.Algebra.Basic (6.1s)
✔ [2169/3521] Built Mathlib.Combinatorics.SimpleGraph.Connectivity.EdgeConnectivity (2.6s)
✔ [2170/3521] Built Mathlib.Combinatorics.SimpleGraph.Metric (3.2s)
✔ [2171/3521] Built Mathlib.GroupTheory.QuotientGroup.Finite (2.8s)
✔ [2172/3521] Built Mathlib.Data.Real.ENatENNReal (3.2s)
✔ [2173/3521] Built Mathlib.Tactic.Linarith.NNRealPreprocessor (3.5s)
✔ [2174/3521] Built Mathlib.Data.ENNReal.Lemmas (3.1s)
✔ [2175/3521] Built Mathlib.SetTheory.Cardinal.Arithmetic (4.5s)
✔ [2176/3521] Built Mathlib.Combinatorics.Matroid.Minor.Restrict (4.6s)
✔ [2177/3521] Built Mathlib.Combinatorics.SimpleGraph.Coloring.Vertex (4.7s)
✔ [2178/3521] Built Mathlib.Combinatorics.SimpleGraph.Connectivity.Subgraph (5.4s)
✔ [2179/3521] Built Mathlib.Data.ENNReal.Real (4.0s)
✔ [2180/3521] Built Mathlib.Topology.LocallyFinite (2.6s)
✔ [2181/3521] Built Mathlib.Topology.Coherent (3.1s)
✔ [2182/3521] Built Mathlib.CategoryTheory.Comma.Over.Basic (32s)
✔ [2183/3521] Built Mathlib.Topology.Semicontinuity.Defs (5.2s)
✔ [2184/3521] Built Mathlib.GroupTheory.Index (9.5s)
✔ [2185/3521] Built Mathlib.Topology.Inseparable (5.1s)
✔ [2186/3521] Built Mathlib.Topology.Order.LocalExtr (4.8s)
✔ [2187/3521] Built Mathlib.Topology.Order.LeftRight (3.0s)
✔ [2188/3521] Built Mathlib.Topology.UniformSpace.Basic (5.8s)
✔ [2189/3521] Built Mathlib.Topology.Compactness.Compact (6.1s)
✔ [2190/3521] Built Mathlib.Topology.PartialHomeomorph.Defs (3.3s)
✔ [2191/3521] Built Mathlib.Topology.Bases (7.8s)
✔ [2192/3521] Built Mathlib.Topology.Clopen (2.5s)
✔ [2193/3521] Built Mathlib.Topology.Piecewise (2.1s)
✔ [2194/3521] Built Mathlib.Algebra.Module.LinearMap.DivisionRing (1.9s)
✔ [2195/3521] Built Mathlib.NumberTheory.Padics.PadicVal.Basic (3.1s)
✔ [2196/3521] Built Mathlib.Algebra.CharP.Lemmas (3.1s)
✔ [2197/3521] Built Mathlib.LinearAlgebra.Finsupp.Supported (3.3s)
✔ [2198/3521] Built Mathlib.Tactic.Algebra.Lemmas (3.2s)
✔ [2199/3521] Built Mathlib.Data.W.Cardinal (2.6s)
✔ [2200/3521] Built Mathlib.Algebra.Module.Submodule.Pointwise (4.8s)
✔ [2201/3521] Built Mathlib.SetTheory.Cardinal.Finsupp (2.7s)
✔ [2202/3521] Built Mathlib.SetTheory.Cardinal.Ordinal (3.1s)
✔ [2203/3521] Built Mathlib.Algebra.Module.Submodule.Equiv (5.2s)
✔ [2204/3521] Built Mathlib.Combinatorics.Matroid.Constructions (2.6s)
✔ [2205/3521] Built Mathlib.Algebra.Algebra.Hom (5.3s)
✔ [2206/3521] Built Mathlib.NumberTheory.ArithmeticFunction.Defs (6.7s)
✔ [2207/3521] Built Mathlib.SetTheory.Cardinal.Cofinality.Ordinal (4.5s)
✔ [2208/3521] Built Mathlib.Topology.UniformSpace.DiscreteUniformity (2.6s)
✔ [2209/3521] Built Mathlib.Topology.NhdsKer (2.8s)
✔ [2210/3521] Built Mathlib.Combinatorics.SimpleGraph.Sum (5.1s)
✔ [2211/3521] Built Mathlib.Data.ENNReal.Operations (4.9s)
✔ [2212/3521] Built Mathlib.Topology.UniformSpace.Compact (2.8s)
✔ [2213/3521] Built Mathlib.Topology.Compactness.LocallyFinite (2.4s)
✔ [2214/3521] Built Mathlib.Topology.Compactness.LocallyCompact (2.5s)
✔ [2215/3521] Built Mathlib.Topology.Compactness.Bases (2.2s)
✔ [2216/3521] Built Mathlib.Topology.Algebra.Indicator (2.0s)
✔ [2217/3521] Built Mathlib.Topology.OpenPartialHomeomorph.Defs (2.4s)
✔ [2218/3521] Built Mathlib.Algebra.CharP.Frobenius (2.9s)
✔ [2219/3521] Built Mathlib.Algebra.Module.Submodule.Finsupp (2.7s)
✔ [2220/3521] Built Mathlib.GroupTheory.Complement (8.2s)
✔ [2221/3521] Built Mathlib.Combinatorics.Matroid.Map (3.5s)
✔ [2222/3521] Built Mathlib.Tactic.Algebra.Basic (6.1s)
✔ [2223/3521] Built Mathlib.RingTheory.Congruence.Basic (3.9s)
✔ [2224/3521] Built Mathlib.CategoryTheory.Grothendieck (11s)
✔ [2225/3521] Built Mathlib.LinearAlgebra.Finsupp.LinearCombination (6.1s)
✔ [2226/3521] Built Mathlib.LinearAlgebra.Span.Basic (7.0s)
✔ [2227/3521] Built Mathlib.NumberTheory.ArithmeticFunction.Zeta (3.2s)
✔ [2228/3521] Built Mathlib.Topology.Compactness.NhdsKer (1.0s)
✔ [2229/3521] Built Mathlib.SetTheory.Ordinal.FundamentalSequence (2.5s)
✔ [2230/3521] Built Mathlib.CategoryTheory.Limits.Shapes.BinaryProducts (13s)
✔ [2231/3521] Built Mathlib.Data.ENNReal.Action (2.6s)
✔ [2232/3521] Built Mathlib.Topology.Compactness.SigmaCompact (2.7s)
✔ [2233/3521] Built Mathlib.Algebra.CharP.Reduced (2.6s)
✔ [2234/3521] Built Mathlib.Algebra.Algebra.NonUnitalHom (9.2s)
✔ [2235/3521] Built Mathlib.GroupTheory.OrderOfElement (17s)
✔ [2236/3521] Built Mathlib.Topology.Separation.Basic (4.4s)
✔ [2237/3521] Built Mathlib.Combinatorics.SimpleGraph.Prod (6.5s)
✔ [2238/3521] Built Mathlib.Data.ENNReal.Inv (5.8s)
✔ [2239/3521] Built Mathlib.Data.EReal.Basic (5.6s)
✔ [2240/3521] Built Mathlib.RingTheory.Congruence.Opposite (2.4s)
✔ [2241/3521] Built Mathlib.Algebra.Algebra.Equiv (9.9s)
✔ [2242/3521] Built Mathlib.Tactic.Algebra.AlgebraNF (2.7s)
✔ [2243/3521] Built Mathlib.Topology.AlexandrovDiscrete (2.0s)
✔ [2244/3521] Built Mathlib.LinearAlgebra.Finsupp.Span (3.7s)
✔ [2245/3521] Built Mathlib.RingTheory.Ideal.Span (3.6s)
✔ [2246/3521] Built Mathlib.SetTheory.Cardinal.Regular (3.7s)
✔ [2247/3521] Built Mathlib.CategoryTheory.Limits.Shapes.Grothendieck (5.0s)
✔ [2248/3521] Built Mathlib.NumberTheory.ArithmeticFunction.Misc (4.5s)
✔ [2249/3521] Built Mathlib.Combinatorics.Matroid.Closure (8.6s)
✔ [2250/3521] Built Mathlib.Data.Finsupp.Weight (6.0s)
✔ [2251/3521] Built Mathlib.CategoryTheory.Limits.Shapes.StrictInitial (2.6s)
✔ [2252/3521] Built Mathlib.LinearAlgebra.Basis.Defs (7.7s)
✔ [2253/3521] Built Mathlib.CategoryTheory.Limits.Types.Products (3.8s)
✔ [2254/3521] Built Mathlib.LinearAlgebra.LinearIndependent.Defs (8.6s)
✔ [2255/3521] Built Mathlib.LinearAlgebra.BilinearMap (20s)
✔ [2256/3521] Built Mathlib.Topology.Compactness.Lindelof (3.3s)
✔ [2257/3521] Built Mathlib.CategoryTheory.Monad.Products (4.0s)
✔ [2258/3521] Built Mathlib.CategoryTheory.Limits.Shapes.Pullback.Cospan (5.5s)
✔ [2259/3521] Built Mathlib.GroupTheory.Perm.Finite (2.9s)
✔ [2260/3521] Built Mathlib.Topology.Separation.CountableSeparatingOn (2.3s)
✔ [2261/3521] Built Mathlib.Topology.IndicatorConstPointwise (2.8s)
✔ [2262/3521] Built Mathlib.NumberTheory.MulChar.Basic (5.9s)
✔ [2263/3521] Built Mathlib.GroupTheory.Exponent (5.4s)
✔ [2264/3521] Built Mathlib.Topology.DiscreteSubset (4.2s)
✔ [2265/3521] Built Mathlib.GroupTheory.NoncommPiCoprod (4.7s)
✔ [2266/3521] Built Mathlib.Data.ENNReal.Holder (3.0s)
✔ [2267/3521] Built Mathlib.Data.ZMod.Basic (6.3s)
✔ [2268/3521] Built Mathlib.Data.ENNReal.BigOperators (3.8s)
✔ [2269/3521] Built Mathlib.Combinatorics.SimpleGraph.Hasse (5.1s)
✔ [2270/3521] Built Mathlib.Algebra.Algebra.TransferInstance (2.4s)
✔ [2271/3521] Built Mathlib.FieldTheory.Galois.Notation (2.3s)
✔ [2272/3521] Built Mathlib.RingTheory.TwoSidedIdeal.Basic (3.6s)
✔ [2273/3521] Built Mathlib.SetTheory.Cardinal.Pigeonhole (2.6s)
✔ [2274/3521] Built Mathlib.Algebra.Algebra.Prod (3.3s)
✔ [2275/3521] Built Mathlib.RingTheory.Ideal.Maximal (3.2s)
✔ [2276/3521] Built Mathlib.Topology.EMetricSpace.Defs (6.6s)
✔ [2277/3521] Built Mathlib.Algebra.Algebra.Opposite (5.2s)
✔ [2278/3521] Built Mathlib.Combinatorics.Matroid.Rank.Finite (2.9s)
✔ [2279/3521] Built Mathlib.NumberTheory.ArithmeticFunction.Moebius (4.1s)
✔ [2280/3521] Built Mathlib.Data.EReal.Operations (7.0s)
✔ [2281/3521] Built Mathlib.Combinatorics.Matroid.Circuit (4.5s)
✔ [2282/3521] Built Mathlib.Algebra.Algebra.Tower (6.0s)
✔ [2283/3521] Built Mathlib.Order.Filter.TendstoCofinite (3.1s)
✔ [2284/3521] Built Mathlib.Algebra.Module.Submodule.Bilinear (3.2s)
✔ [2285/3521] Built Mathlib.LinearAlgebra.Basis.Bilinear (2.7s)
✔ [2286/3521] Built Mathlib.Topology.Irreducible (2.0s)
✔ [2287/3521] Built Mathlib.Algebra.MonoidAlgebra.Module (6.0s)
✔ [2288/3521] Built Mathlib.Data.ZMod.Units (3.2s)
✔ [2289/3521] Built Mathlib.CategoryTheory.Limits.Shapes.Pullback.PullbackCone (5.4s)
✔ [2290/3521] Built Mathlib.GroupTheory.Perm.Cycle.Basic (5.4s)
✔ [2291/3521] Built Mathlib.Data.Real.ConjExponents (4.1s)
✔ [2292/3521] Built Mathlib.Data.ZMod.IntUnitsPower (3.3s)
✔ [2293/3521] Built Mathlib.Combinatorics.SimpleGraph.DegreeSum (3.7s)
✔ [2294/3521] Built Mathlib.LinearAlgebra.LinearIndependent.Basic (8.0s)
✔ [2295/3521] Built Mathlib.Algebra.Algebra.ZMod (2.9s)
✔ [2296/3521] Built Mathlib.LinearAlgebra.Dual.Defs (6.0s)
✔ [2297/3521] Built Mathlib.Data.ZMod.Aut (2.6s)
✔ [2298/3521] Built Mathlib.Algebra.Algebra.NonUnitalSubalgebra (20s)
✔ [2299/3521] Built Mathlib.Algebra.Field.ZMod (2.1s)
✔ [2300/3521] Built Mathlib.NumberTheory.LegendreSymbol.ZModChar (3.3s)
✔ [2301/3521] Built Mathlib.Data.ZMod.ValMinAbs (2.6s)
✔ [2302/3521] Built Mathlib.RingTheory.TwoSidedIdeal.Lattice (2.3s)
✔ [2303/3521] Built Mathlib.Combinatorics.SimpleGraph.CycleGraph (3.4s)
✔ [2304/3521] Built Mathlib.RingTheory.Spectrum.Maximal.Defs (2.2s)
✔ [2305/3521] Built Mathlib.Data.ZMod.QuotientGroup (4.3s)
✔ [2306/3521] Built Mathlib.RingTheory.Ideal.Basic (3.0s)
✔ [2307/3521] Built Mathlib.RingTheory.Ideal.Nonunits (2.4s)
✔ [2308/3521] Built Mathlib.LinearAlgebra.Basis.Cardinality (3.3s)
✔ [2309/3521] Built Mathlib.Algebra.Algebra.Pi (3.8s)
✔ [2310/3521] Built Mathlib.Data.EReal.Inv (4.3s)
✔ [2311/3521] Built Mathlib.Combinatorics.Matroid.Loop (4.5s)
✔ [2312/3521] Built Mathlib.Algebra.Algebra.RestrictScalars (3.6s)
✔ [2313/3521] Built Mathlib.LinearAlgebra.BilinearForm.Basic (4.9s)
✔ [2314/3521] Built Mathlib.Topology.MetricSpace.Pseudo.Defs (6.7s)
✔ [2315/3521] Built Mathlib.Tactic.Algebraize (4.2s)
✔ [2316/3521] Built Mathlib.Topology.Separation.Hausdorff (3.2s)
✔ [2317/3521] Built Mathlib.Algebra.MonoidAlgebra.Support (2.9s)
✔ [2318/3521] Built Mathlib.LinearAlgebra.Prod (11s)
✔ [2319/3521] Built Mathlib.GroupTheory.Perm.Closure (2.9s)
✔ [2320/3521] Built Mathlib.GroupTheory.Perm.Cycle.Factors (4.6s)
✔ [2321/3521] Built Mathlib.Algebra.Ring.NegOnePow (2.7s)
✔ [2322/3521] Built Mathlib.RingTheory.Localization.Basic (10s)
✔ [2323/3521] Built Mathlib.CategoryTheory.Limits.Shapes.Pullback.HasPullback (6.4s)
✔ [2324/3521] Built Mathlib.Algebra.Polynomial.Basic (7.1s)
✔ [2325/3521] Built Mathlib.LinearAlgebra.Basis.Basic (3.4s)
✔ [2326/3521] Built Mathlib.RingTheory.TwoSidedIdeal.Kernel (2.5s)
✔ [2327/3521] Built Mathlib.Combinatorics.SimpleGraph.Extremal.Turan (4.0s)
✔ [2328/3521] Built Mathlib.RingTheory.SimpleRing.Defs (2.5s)
✔ [2329/3521] Built Mathlib.LinearAlgebra.Dual.Basis (3.8s)
✔ [2330/3521] Built Mathlib.LinearAlgebra.TensorProduct.Defs (11s)
✔ [2331/3521] Built Mathlib.Combinatorics.SimpleGraph.Circulant (2.3s)
✔ [2332/3521] Built Mathlib.Algebra.MonoidAlgebra.Basic (11s)
✔ [2333/3521] Built Mathlib.Combinatorics.SimpleGraph.Bipartite (6.3s)
✔ [2334/3521] Built Mathlib.RingTheory.TwoSidedIdeal.Operations (4.3s)
✔ [2335/3521] Built Mathlib.RingTheory.LocalRing.Basic (2.4s)
✔ [2336/3521] Built Mathlib.RingTheory.Finiteness.Defs (2.4s)
✔ [2337/3521] Built Mathlib.Combinatorics.Matroid.Rank.ENat (3.4s)
✔ [2338/3521] Built Mathlib.GroupTheory.SpecificGroups.Cyclic.Basic (4.3s)
✔ [2339/3521] Built Mathlib.Tactic.Module (17s)
✔ [2340/3521] Built Mathlib.Topology.Compactness.CompactlyCoherentSpace (2.6s)
✔ [2341/3521] Built Mathlib.Topology.MetricSpace.Defs (2.9s)
✔ [2342/3521] Built Mathlib.Topology.MetricSpace.Pseudo.Constructions (3.8s)
✔ [2343/3521] Built Mathlib.Dynamics.FixedPoints.Topology (2.1s)
✔ [2344/3521] Built Mathlib.Topology.Algebra.InfiniteSum.Defs (4.1s)
✔ [2345/3521] Built Mathlib.Topology.ContinuousMap.Basic (4.1s)
✔ [2346/3521] Built Mathlib.Topology.Order.OrderClosed (5.0s)
✔ [2347/3521] Built Mathlib.Topology.Algebra.Support (4.1s)
✔ [2348/3521] Built Mathlib.Algebra.Field.NegOnePow (2.3s)
✔ [2349/3521] Built Mathlib.Algebra.Module.LocalizedModule.Basic (23s)
✔ [2350/3521] Built Mathlib.Algebra.Star.Module (5.2s)
✔ [2351/3521] Built Mathlib.Algebra.MonoidAlgebra.Degree (6.7s)
✔ [2352/3521] Built Mathlib.Algebra.Ring.Periodic (4.6s)
✔ [2353/3521] Built Mathlib.CategoryTheory.Limits.Shapes.Pullback.Iso (3.1s)
✔ [2354/3521] Built Mathlib.LinearAlgebra.Pi (7.7s)
✔ [2355/3521] Built Mathlib.Algebra.Polynomial.Monomial (2.4s)
✔ [2356/3521] Built Mathlib.Algebra.Polynomial.Coeff (3.8s)
✔ [2357/3521] Built Mathlib.Algebra.Star.StarAlgHom (13s)
✔ [2358/3521] Built Mathlib.CategoryTheory.Limits.Shapes.Pullback.Pasting (6.3s)
✔ [2359/3521] Built Mathlib.Algebra.Polynomial.Eval.Defs (4.7s)
✔ [2360/3521] Built Mathlib.RingTheory.AlgebraTower (3.7s)
✔ [2361/3521] Built Mathlib.LinearAlgebra.Dimension.Basic (4.1s)
✔ [2362/3521] Built Mathlib.LinearAlgebra.Basis.Submodule (3.9s)
✔ [2363/3521] Built Mathlib.LinearAlgebra.FreeModule.Basic (3.4s)
✔ [2364/3521] Built Mathlib.RingTheory.SimpleRing.Basic (2.3s)
✔ [2365/3521] Built Mathlib.GroupTheory.Perm.Cycle.Type (10s)
✔ [2366/3521] Built Mathlib.LinearAlgebra.Basis.SMul (3.8s)
✔ [2367/3521] Built Mathlib.RingTheory.LocalRing.MaximalIdeal.Defs (2.3s)
✔ [2368/3521] Built Mathlib.RingTheory.Finiteness.Prod (2.4s)
✔ [2369/3521] Built Mathlib.CategoryTheory.Limits.Shapes.Equalizers (10s)
✔ [2370/3521] Built Mathlib.RingTheory.Finiteness.Bilinear (2.7s)
✔ [2371/3521] Built Mathlib.Combinatorics.SimpleGraph.CompleteMultipartite (6.1s)
✔ [2372/3521] Built Mathlib.Combinatorics.Matroid.Rank.Cardinal (3.2s)
✔ [2373/3521] Built Mathlib.Topology.ContinuousMap.CocompactMap (2.5s)
✔ [2374/3521] Built Mathlib.Combinatorics.SimpleGraph.Acyclic (6.3s)
✔ [2375/3521] Built Mathlib.LinearAlgebra.LinearPMap (16s)
✔ [2376/3521] Built Mathlib.Topology.Order.Lattice (2.0s)
✔ [2377/3521] Built Mathlib.Topology.Sets.Opens (4.3s)
✔ [2378/3521] Built Mathlib.Topology.Connected.Basic (3.5s)
✔ [2379/3521] Built Mathlib.Algebra.Polynomial.Degree.Defs (3.9s)
✔ [2380/3521] Built Mathlib.Topology.Algebra.InfiniteSum.Basic (7.5s)
✔ [2381/3521] Built Mathlib.Data.Nat.Periodic (2.7s)
✔ [2382/3521] Built Mathlib.Algebra.Field.Periodic (3.7s)
✔ [2383/3521] Built Mathlib.LinearAlgebra.Ray (8.4s)
✔ [2384/3521] Built Mathlib.LinearAlgebra.Basis.Fin (3.8s)
✔ [2385/3521] Built Mathlib.CategoryTheory.Limits.Shapes.Pullback.Mono (4.3s)
✔ [2386/3521] Built Mathlib.LinearAlgebra.TensorProduct.Basic (12s)
✔ [2387/3521] Built Mathlib.Topology.Order.Basic (8.0s)
✔ [2388/3521] Built Mathlib.Data.Nat.Choose.Vandermonde (2.9s)
✔ [2389/3521] Built Mathlib.LinearAlgebra.Finsupp.Pi (4.3s)
✔ [2390/3521] Built Mathlib.RingTheory.Finiteness.Basic (5.6s)
✔ [2391/3521] Built Mathlib.LinearAlgebra.Quotient.Basic (6.9s)
✔ [2392/3521] Built Mathlib.Algebra.Polynomial.Eval.Coeff (2.8s)
✔ [2393/3521] Built Mathlib.LinearAlgebra.LinearIndependent.Lemmas (9.3s)
✔ [2394/3521] Built Mathlib.LinearAlgebra.SModEq.Basic (3.6s)
✔ [2395/3521] Built Mathlib.Algebra.Polynomial.Eval.Algebra (2.1s)
✔ [2396/3521] Built Mathlib.LinearAlgebra.Dimension.Finrank (2.2s)
✔ [2397/3521] Built Mathlib.LinearAlgebra.Dimension.Subsingleton (2.1s)
✔ [2398/3521] Built Mathlib.CategoryTheory.Limits.Shapes.Pullback.Assoc (6.2s)
✔ [2399/3521] Built Mathlib.CategoryTheory.Comma.Over.Pullback (8.1s)
✔ [2400/3521] Built Mathlib.LinearAlgebra.Basis.Prod (2.2s)
✔ [2401/3521] Built Mathlib.Algebra.Algebra.IsSimpleRing (2.0s)
✔ [2402/3521] Built Mathlib.Data.Matrix.Basic (13s)
✔ [2403/3521] Built Mathlib.Algebra.CharP.CharAndCard (2.6s)
✔ [2404/3521] Built Mathlib.Algebra.Order.ToIntervalMod (17s)
✔ [2405/3521] Built Mathlib.CategoryTheory.Limits.Connected (2.7s)
✔ [2406/3521] Built Mathlib.CategoryTheory.Limits.Shapes.FiniteLimits (2.7s)
✔ [2407/3521] Built Mathlib.LinearAlgebra.Multilinear.Basic (13s)
✔ [2408/3521] Built Mathlib.Algebra.Field.Subfield.Basic (5.1s)
✔ [2409/3521] Built Mathlib.LinearAlgebra.AffineSpace.AffineMap (15s)
✔ [2410/3521] Built Mathlib.GroupTheory.Perm.Fin (4.8s)
✔ [2411/3521] Built Mathlib.Combinatorics.SimpleGraph.Coloring.Constructions (3.5s)
✔ [2412/3521] Built Mathlib.Topology.Sets.OpenCover (2.7s)
✔ [2413/3521] Built Mathlib.Topology.Sets.Closeds (4.5s)
✔ [2414/3521] Built Mathlib.RingTheory.IntegralClosure.IsIntegral.Defs (2.6s)
✔ [2415/3521] Built Mathlib.Algebra.Polynomial.Degree.Monomial (2.6s)
✔ [2416/3521] Built Mathlib.Algebra.Polynomial.Degree.Operations (4.6s)
✔ [2417/3521] Built Mathlib.Data.Nat.Totient (3.7s)
✔ [2418/3521] Built Mathlib.Topology.Connected.Clopen (5.6s)
✔ [2419/3521] Built Mathlib.Topology.Instances.Sign (2.7s)
✔ [2420/3521] Built Mathlib.Topology.Order.ProjIcc (2.9s)
✔ [2421/3521] Built Mathlib.Topology.Order.MonotoneConvergence (3.2s)
✔ [2422/3521] Built Mathlib.Algebra.Algebra.Subalgebra.Basic (12s)
✔ [2423/3521] Built Mathlib.Topology.Order.LeftRightNhds (5.5s)
✔ [2424/3521] Built Mathlib.Topology.Instances.Discrete (2.5s)
✔ [2425/3521] Built Mathlib.RingTheory.Noetherian.Defs (2.7s)
✔ [2426/3521] Built Mathlib.CategoryTheory.Limits.Shapes.Images (7.1s)
✔ [2427/3521] Built Mathlib.RingTheory.Finiteness.Lattice (2.3s)
✔ [2428/3521] Built Mathlib.Analysis.Normed.Lp.WithLp (4.0s)
✔ [2429/3521] Built Mathlib.RingTheory.Polynomial.Subring (2.4s)
✔ [2430/3521] Built Mathlib.RingTheory.Ideal.Quotient.Basic (3.8s)
✔ [2431/3521] Built Mathlib.LinearAlgebra.Isomorphisms (4.0s)
✔ [2432/3521] Built Mathlib.Data.Matrix.Basis (4.7s)
✔ [2433/3521] Built Mathlib.CategoryTheory.Limits.Opposites (4.8s)
✔ [2434/3521] Built Mathlib.CategoryTheory.Filtered.Basic (4.3s)
✔ [2435/3521] Built Mathlib.SetTheory.Cardinal.Subfield (2.8s)
✔ [2436/3521] Built Mathlib.Algebra.Exact.Basic (10s)
✔ [2437/3521] Built Mathlib.LinearAlgebra.Multilinear.Curry (6.5s)
✔ [2438/3521] Built Mathlib.LinearAlgebra.DFinsupp (8.0s)
✔ [2439/3521] Built Mathlib.LinearAlgebra.AffineSpace.Slope (3.8s)
✔ [2440/3521] Built Mathlib.LinearAlgebra.Projection (11s)
✔ [2441/3521] Built Mathlib.RingTheory.IntegralClosure.Algebra.Defs (2.1s)
✔ [2442/3521] Built Mathlib.RingTheory.IntegralClosure.IsIntegralClosure.Defs (2.2s)
✔ [2443/3521] Built Mathlib.Topology.Sober (2.2s)
✔ [2444/3521] Built Mathlib.Algebra.Polynomial.Degree.Support (2.1s)
✔ [2445/3521] Built Mathlib.LinearAlgebra.SesquilinearForm.Basic (12s)
✔ [2446/3521] Built Mathlib.LinearAlgebra.TensorProduct.Map (18s)
✔ [2447/3521] Built Mathlib.RingTheory.Localization.FractionRing (9.9s)
✔ [2448/3521] Built ResourceAware.Foundations.Graph.Interface (5.3s)
✔ [2449/3521] Built Mathlib.Topology.Connected.LocallyConnected (1.0s)
✔ [2450/3521] Built Mathlib.Algebra.Star.NonUnitalSubalgebra (33s)
✔ [2451/3521] Built Mathlib.Algebra.Polynomial.Degree.SmallDegree (2.9s)
✔ [2452/3521] Built Mathlib.Algebra.Polynomial.Degree.Domain (2.4s)
✔ [2453/3521] Built Mathlib.Topology.Connected.TotallyDisconnected (2.7s)
✔ [2454/3521] Built Mathlib.Topology.Separation.Regular (3.3s)
✔ [2455/3521] Built Mathlib.CategoryTheory.Limits.Types.Images (2.4s)
✔ [2456/3521] Built Mathlib.Topology.Order.MonotoneContinuity (3.3s)
✔ [2457/3521] Built Mathlib.Topology.Algebra.Order.Group (3.9s)
✔ [2458/3521] Built Mathlib.Data.Matrix.Composition (3.4s)
✔ [2459/3521] Built Mathlib.Topology.Order.IsLUB (4.7s)
✔ [2460/3521] Built Mathlib.CategoryTheory.Limits.Shapes.ZeroMorphisms (5.2s)
✔ [2461/3521] Built Mathlib.GroupTheory.SpecificGroups.Cyclic (7.6s)
✔ [2462/3521] Built Mathlib.CategoryTheory.Filtered.Connected (2.1s)
✔ [2463/3521] Built Mathlib.LinearAlgebra.Matrix.ConjTranspose (4.5s)
✔ [2464/3521] Built Mathlib.CategoryTheory.Limits.Types.Filtered (3.1s)
✔ [2465/3521] Built Mathlib.RingTheory.Finiteness.Finsupp (2.0s)
✔ [2466/3521] Built Mathlib.LinearAlgebra.AffineSpace.AffineEquiv (14s)
✔ [2467/3521] Built Mathlib.CategoryTheory.Limits.Shapes.Opposites.Pullbacks (5.0s)
✔ [2468/3521] Built Mathlib.Algebra.Polynomial.Eval.Subring (2.2s)
✔ [2469/3521] Built Mathlib.LinearAlgebra.Finsupp.VectorSpace (3.0s)
✔ [2470/3521] Built Mathlib.Algebra.Polynomial.Eval.SMul (2.4s)
✔ [2471/3521] Built Mathlib.Algebra.Polynomial.Degree.TrailingDegree (3.2s)
✔ [2472/3521] Built Mathlib.LinearAlgebra.SesquilinearForm.Orthogonal (3.4s)
✔ [2473/3521] Built Mathlib.LinearAlgebra.Basis.VectorSpace (5.1s)
✔ [2474/3521] Built Mathlib.Algebra.Star.TensorProduct (3.7s)
✔ [2475/3521] Built Mathlib.Topology.Order.AtTopBotIxx (12s)
✔ [2476/3521] Built Mathlib.LinearAlgebra.Multilinear.DFinsupp (6.8s)
✔ [2477/3521] Built Mathlib.Algebra.DirectSum.Module (7.5s)
✔ [2478/3521] Built Mathlib.FieldTheory.RatFunc.Defs (3.5s)
✔ [2479/3521] Built Mathlib.RingTheory.Localization.NumDen (2.7s)
✔ [2480/3521] Built Mathlib.Algebra.Algebra.Bilinear (5.1s)
✔ [2481/3521] Built ResourceAware.Foundations.Graph.GraphAdapters (3.1s)
✔ [2482/3521] Built Mathlib.CategoryTheory.Limits.Final (11s)
✔ [2483/3521] Built ResourceAware.Algorithms.ShortestPaths.Specification (3.2s)
✔ [2484/3521] Built Mathlib.Topology.Order.T5 (2.1s)
✔ [2485/3521] Built ResourceAware.Algorithms.GraphTraversal.Specification (3.3s)
✔ [2486/3521] Built Mathlib.Algebra.Polynomial.Degree.Units (2.6s)
✔ [2487/3521] Built Mathlib.Topology.LocallyConstant.Basic (3.9s)
✔ [2488/3521] Built Mathlib.Topology.Separation.GDelta (2.6s)
✔ [2489/3521] Built Mathlib.Topology.ExtendFrom (2.7s)
✔ [2490/3521] Built Mathlib.Topology.CompactOpen (3.8s)
✔ [2491/3521] Built Mathlib.Topology.DenseEmbedding (3.3s)
✔ [2492/3521] Built Mathlib.Topology.Perfect (2.9s)
✔ [2493/3521] Built Mathlib.Topology.UniformSpace.Separation (3.3s)
✔ [2494/3521] Built Mathlib.Topology.Algebra.Order.Archimedean (3.4s)
✔ [2495/3521] Built Mathlib.Topology.Order.Monotone (4.5s)
✔ [2496/3521] Built Mathlib.CategoryTheory.Limits.Preserves.Shapes.Zero (3.6s)
✔ [2497/3521] Built Mathlib.Algebra.Order.Group.Cyclic (3.5s)
✔ [2498/3521] Built Mathlib.Topology.Order.DenselyOrdered (4.9s)
✔ [2499/3521] Built Mathlib.GroupTheory.PGroup (4.3s)
✔ [2500/3521] Built Mathlib.CategoryTheory.Limits.ConcreteCategory.Basic (3.1s)
✔ [2501/3521] Built Mathlib.Algebra.Polynomial.Derivative (9.5s)
✔ [2502/3521] Built Mathlib.LinearAlgebra.Matrix.RowCol (4.1s)
✔ [2503/3521] Built Mathlib.LinearAlgebra.TensorProduct.Associator (13s)
✔ [2504/3521] Built Mathlib.Data.Matrix.Block (5.7s)
✔ [2505/3521] Built Mathlib.LinearAlgebra.Matrix.Invertible (5.6s)
✔ [2506/3521] Built Mathlib.LinearAlgebra.AffineSpace.Midpoint (4.6s)
✔ [2507/3521] Built Mathlib.CategoryTheory.Limits.Shapes.Pullback.IsPullback.Defs (3.5s)
✔ [2508/3521] Built Mathlib.Algebra.DirectSum.Finsupp (2.6s)
✔ [2509/3521] Built Mathlib.CategoryTheory.Limits.Preserves.Shapes.Pullbacks (4.5s)
✔ [2510/3521] Built Mathlib.LinearAlgebra.StdBasis (3.0s)
✔ [2511/3521] Built Mathlib.CategoryTheory.Limits.Shapes.Opposites.Equalizers (5.4s)
✔ [2512/3521] Built Mathlib.Algebra.Module.LocalizedModule.IsLocalization (3.1s)
✔ [2513/3521] Built Mathlib.LinearAlgebra.Multilinear.Finsupp (4.8s)
✔ [2514/3521] Built Mathlib.Topology.Order.Real (2.3s)
✔ [2515/3521] Built Mathlib.Algebra.DirectSum.Decomposition (4.6s)
✔ [2516/3521] Built Mathlib.Algebra.Polynomial.Eval.Degree (3.2s)
✔ [2517/3521] Built Mathlib.LinearAlgebra.BilinearForm.Hom (5.9s)
✔ [2518/3521] Built Mathlib.LinearAlgebra.AffineSpace.AffineSubspace.Basic (9.1s)
✔ [2519/3521] Built Mathlib.Topology.Order.LeftRightLim (3.6s)
✔ [2520/3521] Built Mathlib.Topology.Order.ExtendFrom (2.8s)
✔ [2521/3521] Built Mathlib.Topology.MetricSpace.Pseudo.Lemmas (3.3s)
✔ [2522/3521] Built Mathlib.Topology.Homeomorph.Lemmas (5.2s)
✔ [2523/3521] Built Mathlib.Topology.Order.LiminfLimsup (4.8s)
✔ [2524/3521] Built Mathlib.Algebra.Polynomial.Identities (3.2s)
✔ [2525/3521] Built Mathlib.LinearAlgebra.Matrix.Symmetric (2.8s)
✔ [2526/3521] Built Mathlib.Topology.Order.IntermediateValue (7.1s)
✔ [2527/3521] Built Mathlib.CategoryTheory.Limits.Constructions.BinaryProducts (3.6s)
✔ [2528/3521] Built Mathlib.GroupTheory.Torsion (5.8s)
✔ [2529/3521] Built Mathlib.LinearAlgebra.Matrix.Notation (6.1s)
✔ [2530/3521] Built Mathlib.Algebra.Algebra.Operations (11s)
✔ [2531/3521] Built Mathlib.RingTheory.Finiteness.Cardinality (3.7s)
✔ [2532/3521] Built Mathlib.LinearAlgebra.Matrix.StdBasis (3.1s)
✔ [2533/3521] Built Mathlib.GroupTheory.Sylow (7.7s)
✔ [2534/3521] Built Mathlib.LinearAlgebra.Multilinear.Basis (2.9s)
✔ [2535/3521] Built Mathlib.MeasureTheory.OuterMeasure.Defs (2.5s)
✔ [2536/3521] Built Mathlib.Analysis.Convex.Segment (8.1s)
✔ [2537/3521] Built Mathlib.CategoryTheory.Limits.Shapes.Kernels (12s)
✔ [2538/3521] Built Mathlib.CategoryTheory.Limits.Shapes.RegularMono (5.5s)
✔ [2539/3521] Built Mathlib.Algebra.Polynomial.Degree.Lemmas (3.8s)
✔ [2540/3521] Built Mathlib.LinearAlgebra.AffineSpace.Pointwise (3.8s)
✔ [2541/3521] Built Mathlib.Analysis.Normed.Group.Defs (5.1s)
✔ [2542/3521] Built Mathlib.LinearAlgebra.AffineSpace.Restrict (3.2s)
✔ [2543/3521] Built Mathlib.Topology.KrullDimension (2.1s)
✔ [2544/3521] Built Mathlib.Topology.Algebra.Constructions (3.1s)
✔ [2545/3521] Built Mathlib.RingTheory.Localization.Module (6.8s)
✔ [2546/3521] Built Mathlib.Topology.Homeomorph.Quotient (1.9s)
✔ [2547/3521] Built Mathlib.Topology.NoetherianSpace (2.4s)
✔ [2548/3521] Built Mathlib.Topology.OpenPartialHomeomorph.Basic (2.6s)
✔ [2549/3521] Built Mathlib.Topology.Maps.Proper.Basic (2.3s)
✔ [2550/3521] Built Mathlib.LinearAlgebra.AffineSpace.Combination (7.1s)
✔ [2551/3521] Built Mathlib.Data.Matrix.Reflection (3.2s)
✔ [2552/3521] Built Mathlib.Topology.Order.Compact (4.1s)
✔ [2553/3521] Built Mathlib.LinearAlgebra.Matrix.Trace (4.1s)
✔ [2554/3521] Built Mathlib.RingTheory.OrzechProperty (3.1s)
✔ [2555/3521] Built Mathlib.LinearAlgebra.FreeModule.Finite.Basic (2.0s)
✔ [2556/3521] Built Mathlib.CategoryTheory.Limits.Shapes.Pullback.IsPullback.Basic (5.2s)
✔ [2557/3521] Built Mathlib.Algebra.Module.ZMod (3.9s)
✔ [2558/3521] Built Mathlib.RingTheory.Polynomial.Pochhammer (4.1s)
✔ [2559/3521] Built Mathlib.Algebra.Algebra.Subalgebra.Lattice (8.4s)
✔ [2560/3521] Built Mathlib.Tactic.ComputeDegree (4.4s)
✔ [2561/3521] Built Mathlib.Analysis.Convex.Star (5.6s)
✔ [2562/3521] Built Mathlib.Algebra.Polynomial.EraseLead (5.2s)
✔ [2563/3521] Built Mathlib.CategoryTheory.Preadditive.Basic (5.6s)
✔ [2564/3521] Built Mathlib.Topology.UniformSpace.Cauchy (4.6s)
✔ [2565/3521] Built Mathlib.Topology.Algebra.Star (2.5s)
✔ [2566/3521] Built Mathlib.Topology.OpenPartialHomeomorph.Continuity (2.4s)
✔ [2567/3521] Built Mathlib.Topology.Spectral.Hom (2.2s)
✔ [2568/3521] Built Mathlib.RingTheory.Ideal.Operations (11s)
✔ [2569/3521] Built Mathlib.Topology.QuasiSeparated (3.4s)
✔ [2570/3521] Built Mathlib.Topology.LocalAtTarget (2.9s)
✔ [2571/3521] Built Mathlib.Topology.Maps.Proper.CompactlyGenerated (3.2s)
✔ [2572/3521] Built Mathlib.Topology.Order.Rolle (2.2s)
✔ [2573/3521] Built Mathlib.LinearAlgebra.AffineSpace.Centroid (2.0s)
✔ [2574/3521] Built Mathlib.CategoryTheory.Limits.Shapes.KernelPair (2.5s)
✔ [2575/3521] Built Mathlib.Topology.Algebra.ConstMulAction (10s)
✔ [2576/3521] Built Mathlib.Algebra.Algebra.Subalgebra.Prod (2.5s)
✔ [2577/3521] Built Mathlib.LinearAlgebra.Alternating.Basic (13s)
✔ [2578/3521] Built Mathlib.Algebra.Central.Defs (2.2s)
✔ [2579/3521] Built Mathlib.RingTheory.Finiteness.Subalgebra (2.6s)
✔ [2580/3521] Built Mathlib.Algebra.FreeAlgebra (4.0s)
✔ [2581/3521] Built Mathlib.Algebra.Algebra.Subalgebra.Pointwise (2.8s)
✔ [2582/3521] Built Mathlib.Algebra.Algebra.Subalgebra.Tower (2.0s)
✔ [2583/3521] Built Mathlib.LinearAlgebra.AffineSpace.Independent (8.1s)
✔ [2584/3521] Built Mathlib.Algebra.Polynomial.CancelLeads (2.8s)
✔ [2585/3521] Built Mathlib.Algebra.Polynomial.AlgebraMap (7.2s)
✔ [2586/3521] Built Mathlib.Algebra.Algebra.Subalgebra.Directed (3.9s)
✔ [2587/3521] Built Mathlib.Algebra.Polynomial.Reverse (3.3s)
✔ [2588/3521] Built Mathlib.Algebra.Polynomial.Inductions (3.2s)
✔ [2589/3521] Built Mathlib.Algebra.Module.LocalizedModule.Submodule (11s)
✔ [2590/3521] Built Mathlib.Algebra.Category.Grp.Preadditive (3.7s)
✔ [2591/3521] Built Mathlib.Topology.UniformSpace.UniformConvergence (3.9s)
✔ [2592/3521] Built Mathlib.Topology.UniformSpace.UniformEmbedding (3.0s)
✔ [2593/3521] Built Mathlib.Topology.OpenPartialHomeomorph.IsImage (3.3s)
✔ [2594/3521] Built Mathlib.Algebra.MvPolynomial.Basic (8.2s)
✔ [2595/3521] Built Mathlib.RingTheory.Spectrum.Maximal.Basic (2.9s)
✔ [2596/3521] Built Mathlib.RingTheory.Coprime.Ideal (3.9s)
✔ [2597/3521] Built Mathlib.RingTheory.Finiteness.Nakayama (3.7s)
✔ [2598/3521] Built Mathlib.Analysis.Convex.Basic (7.6s)
✔ [2599/3521] Built Mathlib.RingTheory.UniqueFactorizationDomain.Ideal (2.4s)
✔ [2600/3521] Built Mathlib.Dynamics.Minimal (2.8s)
✔ [2601/3521] Built Mathlib.Algebra.Central.Basic (2.8s)
✔ [2602/3521] Built Mathlib.Algebra.CharP.Algebra (2.9s)
✔ [2603/3521] Built Mathlib.Topology.Sets.Compacts (4.0s)
✔ [2604/3521] Built Mathlib.Topology.Algebra.MulAction (4.9s)
✔ [2605/3521] Built Mathlib.RingTheory.Adjoin.Basic (3.3s)
✔ [2606/3521] Built Mathlib.LinearAlgebra.TensorProduct.Tower (40s)
✔ [2607/3521] Built Mathlib.RingTheory.Polynomial.Tower (2.0s)
✔ [2608/3521] Built Mathlib.RingTheory.Algebraic.Defs (2.8s)
✔ [2609/3521] Built Mathlib.RingTheory.Ideal.Maps (10s)
✔ [2610/3521] Built Mathlib.Tactic.Polynomial.Basic (3.2s)
✔ [2611/3521] Built Mathlib.LinearAlgebra.AffineSpace.Basis (6.0s)
✔ [2612/3521] Built Mathlib.RingTheory.Adjoin.Polynomial.Basic (3.1s)
✔ [2613/3521] Built Mathlib.LinearAlgebra.Matrix.Determinant.Basic (7.0s)
✔ [2614/3521] Built Mathlib.Topology.UniformSpace.CompleteSeparated (2.1s)
✔ [2615/3521] Built Mathlib.Topology.UniformSpace.Pi (2.5s)
✔ [2616/3521] Built Mathlib.Algebra.Category.Grp.ForgetCorepresentable (2.9s)
✔ [2617/3521] Built Mathlib.Topology.UniformSpace.LocallyUniformConvergence (2.8s)
✔ [2618/3521] Built Mathlib.Algebra.Polynomial.Monic (3.9s)
✔ [2619/3521] Built Mathlib.LinearAlgebra.AffineSpace.Simplex.Basic (7.0s)
✔ [2620/3521] Built Mathlib.CategoryTheory.Limits.Shapes.Diagonal (11s)
✔ [2621/3521] Built Mathlib.Tactic.Ring.NamePolyVars (2.7s)
✔ [2622/3521] Built Mathlib.RingTheory.Noetherian.UniqueFactorizationDomain (2.5s)
✔ [2623/3521] Built Mathlib.Analysis.Convex.Hull (3.2s)
✔ [2624/3521] Built Mathlib.Topology.Spectral.Prespectral (2.9s)
✔ [2625/3521] Built Mathlib.FieldTheory.IntermediateField.Basic (14s)
✔ [2626/3521] Built Mathlib.Algebra.MvPolynomial.Eval (7.8s)
✔ [2627/3521] Built Mathlib.LinearAlgebra.DirectSum.TensorProduct (6.8s)
✔ [2628/3521] Built Mathlib.RingTheory.MvPowerSeries.Basic (10s)
✔ [2629/3521] Built Mathlib.RingTheory.Ideal.Quotient.PowTransition (4.9s)
✔ [2630/3521] Built Mathlib.Topology.Algebra.Monoid (8.6s)
✔ [2631/3521] Built Mathlib.RingTheory.Finiteness.Ideal (2.8s)
✔ [2632/3521] Built Mathlib.Algebra.Algebra.Subalgebra.Operations (2.9s)
✔ [2633/3521] Built Mathlib.Analysis.Convex.Function (10s)
✔ [2634/3521] Built Mathlib.Algebra.Star.Subalgebra (15s)
✔ [2635/3521] Built Mathlib.RingTheory.Jacobson.Radical (4.1s)
✔ [2636/3521] Built Mathlib.Algebra.Algebra.Spectrum.Basic (4.8s)
✔ [2637/3521] Built Mathlib.RingTheory.Ideal.Prod (3.1s)
✔ [2638/3521] Built Mathlib.RingTheory.Ideal.Pointwise (4.8s)
✔ [2639/3521] Built Mathlib.RingTheory.Adjoin.Singleton (4.3s)
✔ [2640/3521] Built Mathlib.RingTheory.Ideal.Colon (5.8s)
✔ [2641/3521] Built Mathlib.Algebra.Polynomial.Module.AEval (12s)
✔ [2642/3521] Built Mathlib.Topology.UniformSpace.Equiv (3.8s)
✔ [2643/3521] Built Mathlib.Topology.Metrizable.Basic (2.7s)
✔ [2644/3521] Built Mathlib.LinearAlgebra.Matrix.Reindex (4.6s)
✔ [2645/3521] Built Mathlib.LinearAlgebra.TensorProduct.Quotient (14s)
✔ [2646/3521] Built Mathlib.RingTheory.Localization.Away.Basic (9.3s)
✔ [2647/3521] Built Mathlib.Topology.UniformSpace.UniformApproximation (2.6s)
✔ [2648/3521] Built Mathlib.Algebra.Polynomial.Lifts (3.3s)
✔ [2649/3521] Built Mathlib.Algebra.Polynomial.GroupRingAction (3.5s)
✔ [2650/3521] Built Mathlib.Algebra.Polynomial.BigOperators (4.1s)
✔ [2651/3521] Built Mathlib.Algebra.Polynomial.Div (5.2s)
✔ [2652/3521] Built Mathlib.Topology.Spectral.Basic (2.8s)
✔ [2653/3521] Built Mathlib.Topology.EMetricSpace.Basic (5.0s)
✔ [2654/3521] Built Mathlib.Topology.Constructible (4.2s)
✔ [2655/3521] Built Mathlib.RingTheory.TensorProduct.Basic (21s)
✔ [2656/3521] Built Mathlib.Algebra.CharP.IntermediateField (2.4s)
✔ [2657/3521] Built Mathlib.RingTheory.MvPolynomial.Tower (2.0s)
✔ [2658/3521] Built Mathlib.CategoryTheory.MorphismProperty.Limits (6.2s)
✔ [2659/3521] Built Mathlib.Tactic.Ring.NamePowerVars (2.6s)
✔ [2660/3521] Built Mathlib.Algebra.MvPolynomial.Rename (3.0s)
✔ [2661/3521] Built Mathlib.Algebra.Category.Grp.Limits (10s)
✔ [2662/3521] Built Mathlib.Topology.Algebra.Group.Torsor (3.2s)
✔ [2663/3521] Built Mathlib.Topology.Algebra.GroupWithZero (3.8s)
✔ [2664/3521] Built Mathlib.Topology.Algebra.Monoid.FunOnFinite (2.6s)
✔ [2665/3521] Built Mathlib.RingTheory.Valuation.Basic (18s)
✔ [2666/3521] Built Mathlib.LinearAlgebra.DirectSum.Finsupp (6.8s)
✔ [2667/3521] Built Mathlib.Geometry.Convex.Cone.Basic (8.6s)
✔ [2668/3521] Built Mathlib.Analysis.Convex.Slope (4.6s)
✔ [2669/3521] Built Mathlib.RingTheory.IsPrimary (3.5s)
✔ [2670/3521] Built Mathlib.RingTheory.PrincipalIdealDomain (4.5s)
✔ [2671/3521] Built Mathlib.RingTheory.Noetherian.Basic (5.4s)
✔ [2672/3521] Built Mathlib.Analysis.Convex.Combination (14s)
✔ [2673/3521] Built Mathlib.RingTheory.Ideal.Oka (2.8s)
✔ [2674/3521] Built Mathlib.Topology.Algebra.Group.Basic (11s)
✔ [2675/3521] Built Mathlib.FieldTheory.IntermediateField.Adjoin.Defs (13s)
✔ [2676/3521] Built Mathlib.Topology.UniformSpace.AbstractCompletion (2.0s)
✔ [2677/3521] Built Mathlib.Topology.Sequences (2.7s)
✔ [2678/3521] Built Mathlib.Analysis.Convex.Mul (9.5s)
✔ [2679/3521] Built Mathlib.Topology.GDelta.MetrizableSpace (2.2s)
✔ [2680/3521] Built Mathlib.Algebra.Star.Unitary (9.1s)
✔ [2681/3521] Built Mathlib.LinearAlgebra.Matrix.Transvection (4.7s)
✔ [2682/3521] Built Mathlib.RingTheory.SimpleModule.Basic (10s)
✔ [2683/3521] Built Mathlib.Topology.MetricSpace.Cauchy (3.3s)
✔ [2684/3521] Built Mathlib.LinearAlgebra.Matrix.Polynomial (3.7s)
✔ [2685/3521] Built Mathlib.Algebra.Polynomial.HasseDeriv (4.1s)
✔ [2686/3521] Built Mathlib.Algebra.Polynomial.Laurent (5.0s)
✔ [2687/3521] Built Mathlib.Topology.UniformSpace.UniformConvergenceTopology (5.7s)
✔ [2688/3521] Built Mathlib.Algebra.Polynomial.RingDivision (4.5s)
✔ [2689/3521] Built Mathlib.Topology.MetricSpace.Pseudo.Basic (4.7s)
✔ [2690/3521] Built Mathlib.Algebra.Polynomial.Module.Basic (9.2s)
✔ [2691/3521] Built Mathlib.Topology.EMetricSpace.Pi (2.9s)
✔ [2692/3521] Built Mathlib.Topology.Algebra.WithZeroTopology (2.8s)
✔ [2693/3521] Built Mathlib.Topology.Algebra.Affine (3.4s)
✔ [2694/3521] Built Mathlib.RingTheory.Valuation.ExtendToLocalization (3.3s)
✔ [2695/3521] Built Mathlib.RingTheory.Valuation.PrimeMultiplicity (2.6s)
✔ [2696/3521] Built Mathlib.Algebra.MvPolynomial.Degrees (4.6s)
✔ [2697/3521] Built Mathlib.LinearAlgebra.Matrix.Kronecker (6.8s)
✔ [2698/3521] Built Mathlib.RingTheory.Ideal.Quotient.Operations (20s)
✔ [2699/3521] Built Mathlib.RingTheory.Ideal.IsPrimary (2.8s)
✔ [2700/3521] Built Mathlib.RingTheory.EuclideanDomain (2.8s)
✔ [2701/3521] Built Mathlib.RingTheory.Int.Basic (2.8s)
✔ [2702/3521] Built Mathlib.Analysis.Convex.Cone.Extension (3.8s)
✔ [2703/3521] Built Mathlib.LinearAlgebra.TensorProduct.Basis (4.5s)
✔ [2704/3521] Built Mathlib.RingTheory.Valuation.Integers (6.0s)
✔ [2705/3521] Built Mathlib.RingTheory.Bezout (2.7s)
✔ [2706/3521] Built Mathlib.RingTheory.Noetherian.Orzech (2.7s)
✔ [2707/3521] Built Mathlib.FieldTheory.Tower (2.4s)
✔ [2708/3521] Built Mathlib.RingTheory.Finiteness.Cofinite (2.9s)
✔ [2709/3521] Built Mathlib.RingTheory.PrincipalIdealDomainOfPrime (2.5s)
✔ [2710/3521] Built Mathlib.Topology.Algebra.Group.GroupTopology (3.1s)
✔ [2711/3521] Built Mathlib.RingTheory.Jacobson.Semiprimary (2.9s)
✔ [2712/3521] Built Mathlib.Topology.UniformSpace.Completion (3.3s)
✔ [2713/3521] Built Mathlib.Topology.Algebra.Group.Pointwise (4.0s)
✔ [2714/3521] Built Mathlib.Topology.UniformSpace.Real (2.9s)
✔ [2715/3521] Built Mathlib.Analysis.Convex.Jensen (8.5s)
✔ [2716/3521] Built Mathlib.Topology.Algebra.IsUniformGroup.Defs (7.9s)
✔ [2717/3521] Built Mathlib.Algebra.Polynomial.Taylor (4.3s)
✔ [2718/3521] Built Mathlib.RingTheory.Polynomial.Ideal (3.7s)
✔ [2719/3521] Built Mathlib.Algebra.Category.Ring.Limits (16s)
✔ [2720/3521] Built Mathlib.Topology.UniformSpace.Equicontinuity (4.1s)
✔ [2721/3521] Built Mathlib.Topology.UniformSpace.CompactConvergence (4.7s)
✔ [2722/3521] Built Mathlib.Topology.MetricSpace.Pseudo.Pi (3.2s)
✔ [2723/3521] Built Mathlib.RingTheory.Valuation.ValuativeRel.Basic (17s)
✔ [2724/3521] Built Mathlib.Topology.EMetricSpace.Diam (3.7s)
✔ [2725/3521] Built Mathlib.Algebra.MvPolynomial.Variables (3.3s)
✔ [2726/3521] Built Mathlib.RingTheory.MvPolynomial.Basic (4.3s)
✔ [2727/3521] Built Mathlib.Algebra.Polynomial.Roots (8.6s)
✔ [2728/3521] Built Mathlib.RingTheory.Jacobson.Ideal (3.9s)
✔ [2729/3521] Built Mathlib.RingTheory.Ideal.Quotient.Noetherian (2.9s)
✔ [2730/3521] Built Mathlib.Algebra.Module.Torsion.Basic (12s)
✔ [2731/3521] Built Mathlib.RingTheory.Ideal.Over (5.7s)
✔ [2732/3521] Built Mathlib.LinearAlgebra.InvariantBasisNumber (4.4s)
✔ [2733/3521] Built Mathlib.Algebra.Module.Projective (4.8s)
✔ [2734/3521] Built Mathlib.Algebra.MvPolynomial.Equiv (8.1s)
✔ [2735/3521] Built Mathlib.Topology.Algebra.Group.Compact (2.8s)
✔ [2736/3521] Built Mathlib.Topology.Algebra.Group.Quotient (3.7s)
✔ [2737/3521] Built Mathlib.Topology.Algebra.UniformMulAction (3.7s)
✔ [2738/3521] Built Mathlib.RingTheory.Valuation.ValuationRing (6.1s)
✔ [2739/3521] Built Mathlib.Topology.Algebra.Ring.Basic (5.3s)
✔ [2740/3521] Built Mathlib.Topology.UniformSpace.HeineCantor (2.4s)
✔ [2741/3521] Built Mathlib.Analysis.Convex.Strict (5.7s)
✔ [2742/3521] Built Mathlib.Topology.Algebra.IsUniformGroup.Order (2.7s)
✔ [2743/3521] Built Mathlib.Topology.MetricSpace.Equicontinuity (2.3s)
✔ [2744/3521] Built Mathlib.Topology.Algebra.IsUniformGroup.Constructions (3.0s)
✔ [2745/3521] Built Mathlib.Topology.Algebra.InfiniteSum.Group (4.8s)
✔ [2746/3521] Built Mathlib.Topology.MetricSpace.Pseudo.Real (2.4s)
✔ [2747/3521] Built Mathlib.Topology.MetricSpace.ProperSpace (2.5s)
✔ [2748/3521] Built Mathlib.Topology.MetricSpace.Basic (3.0s)
✔ [2749/3521] Built Mathlib.Algebra.MvPolynomial.Supported (2.4s)
✔ [2750/3521] Built Mathlib.Algebra.MvPolynomial.CommRing (2.9s)
✔ [2751/3521] Built Mathlib.Algebra.MvPolynomial.Monad (3.6s)
✔ [2752/3521] Built Mathlib.Topology.EMetricSpace.Lipschitz (3.9s)
✔ [2753/3521] Built Mathlib.RingTheory.LocalRing.MaximalIdeal.Basic (3.1s)
✔ [2754/3521] Built Mathlib.RingTheory.IntegralDomain (4.7s)
✔ [2755/3521] Built Mathlib.RingTheory.Ideal.MinimalPrime.Basic (3.4s)
✔ [2756/3521] Built Mathlib.LinearAlgebra.Matrix.Ideal (4.7s)
✔ [2757/3521] Built Mathlib.RingTheory.Nakayama (4.0s)
✔ [2758/3521] Built Mathlib.Algebra.Polynomial.FieldDivision (6.1s)
✔ [2759/3521] Built Mathlib.RingTheory.TensorProduct.Maps (33s)
✔ [2760/3521] Built Mathlib.LinearAlgebra.Dimension.StrongRankCondition (4.5s)
✔ [2761/3521] Built Mathlib.RingTheory.Finiteness.Projective (2.8s)
✔ [2762/3521] Built Mathlib.RingTheory.Localization.Ideal (5.4s)
✔ [2763/3521] Built Mathlib.Topology.Maps.Strict.Basic (3.1s)
✔ [2764/3521] Built Mathlib.Topology.Algebra.Group.ClosedSubgroup (2.9s)
✔ [2765/3521] Built Mathlib.Topology.Algebra.Ring.Ideal (2.4s)
✔ [2766/3521] Built Mathlib.Topology.Algebra.Module.Basic (3.8s)
✔ [2767/3521] Built Mathlib.Topology.Algebra.GroupCompletion (4.2s)
✔ [2768/3521] Built Mathlib.Topology.Algebra.Field (3.5s)
✔ [2769/3521] Built Mathlib.Topology.Algebra.OpenSubgroup (5.1s)
✔ [2770/3521] Built Mathlib.Topology.Algebra.UniformConvergence (5.6s)
✔ [2771/3521] Built Mathlib.Topology.Metrizable.Real (2.5s)
✔ [2772/3521] Built Mathlib.Topology.Metrizable.Uniformity (3.5s)
✔ [2773/3521] Built Mathlib.Topology.Algebra.InfiniteSum.NatInt (5.2s)
✔ [2774/3521] Built Mathlib.LinearAlgebra.Matrix.MvPolynomial (3.0s)
✔ [2775/3521] Built Mathlib.Topology.MetricSpace.Bounded (4.0s)
✔ [2776/3521] Built Mathlib.Topology.Algebra.IsUniformGroup.Basic (7.5s)
✔ [2777/3521] Built Mathlib.RingTheory.FreeCommRing (4.3s)
✔ [2778/3521] Built Mathlib.RingTheory.AlgebraicIndependent.Defs (3.3s)
✔ [2779/3521] Built Mathlib.RingTheory.MvPolynomial.Symmetric.Defs (3.9s)
✔ [2780/3521] Built Mathlib.RingTheory.LocalRing.ResidueField.Defs (2.8s)
✔ [2781/3521] Built Mathlib.RingTheory.AdicCompletion.Basic (17s)
✔ [2782/3521] Built Mathlib.RingTheory.LocalRing.RingHom.Basic (2.0s)
✔ [2783/3521] Built Mathlib.RingTheory.SimpleRing.Matrix (2.6s)
✔ [2784/3521] Built Mathlib.RingTheory.RootsOfUnity.Basic (5.0s)
✔ [2785/3521] Built Mathlib.RingTheory.Polynomial.Basic (6.2s)
✔ [2786/3521] Built Mathlib.Algebra.Category.Ring.Adjunctions (7.5s)
✔ [2787/3521] Built Mathlib.RingTheory.Polynomial.Content (4.5s)
✔ [2788/3521] Built Mathlib.Analysis.Normed.Group.Basic (11s)
✔ [2789/3521] Built Mathlib.LinearAlgebra.Matrix.ToLin (18s)
✔ [2790/3521] Built Mathlib.RingTheory.TensorProduct.Finite (5.1s)
✔ [2791/3521] Built Mathlib.Topology.Algebra.Module.Simple (2.0s)
✔ [2792/3521] Built Mathlib.Topology.Algebra.InfiniteSum.Constructions (16s)
✔ [2793/3521] Built Mathlib.Algebra.Polynomial.Splits (7.5s)
✔ [2794/3521] Built Mathlib.LinearAlgebra.Dimension.Free (4.8s)
✔ [2795/3521] Built Mathlib.Topology.Algebra.Order.Field (4.4s)
✔ [2796/3521] Built Mathlib.Topology.Algebra.Equicontinuity (2.6s)
✔ [2797/3521] Built Mathlib.Topology.Algebra.FilterBasis (5.8s)
✔ [2798/3521] Built Mathlib.Topology.Algebra.Nonarchimedean.Basic (3.1s)
✔ [2799/3521] Built Mathlib.Order.Filter.ENNReal (3.2s)
✔ [2800/3521] Built Mathlib.LinearAlgebra.TensorProduct.RightExactness (10s)
✔ [2801/3521] Built Mathlib.Topology.MetricSpace.Lipschitz (3.5s)
✔ [2802/3521] Built Mathlib.RingTheory.MatrixAlgebra (11s)
✔ [2803/3521] Built Mathlib.Topology.MetricSpace.Antilipschitz (3.1s)
✔ [2804/3521] Built Mathlib.Topology.Instances.Int (2.9s)
✔ [2805/3521] Built Mathlib.Topology.Bornology.Real (2.8s)
✔ [2806/3521] Built Mathlib.LinearAlgebra.Matrix.Adjugate (5.2s)
✔ [2807/3521] Built Mathlib.Algebra.Category.Ring.Instances (2.7s)
✔ [2808/3521] Built Mathlib.RingTheory.AlgebraicIndependent.Basic (4.5s)
✔ [2809/3521] Built Mathlib.RingTheory.Adjoin.FG (3.2s)
✔ [2810/3521] Built Mathlib.Algebra.Polynomial.Expand (3.7s)
✔ [2811/3521] Built Mathlib.RingTheory.LocalRing.ResidueField.Basic (5.3s)
✔ [2812/3521] Built Mathlib.RingTheory.Polynomial.UniqueFactorization (3.7s)
✔ [2813/3521] Built Mathlib.Tactic.ReduceModChar (4.1s)
✔ [2814/3521] Built Mathlib.Analysis.Normed.Group.Submodule (2.9s)
✔ [2815/3521] Built Mathlib.RingTheory.RootsOfUnity.PrimitiveRoots (6.0s)
✔ [2816/3521] Built Mathlib.RingTheory.Polynomial.Eisenstein.Criterion (3.7s)
✔ [2817/3521] Built Mathlib.RingTheory.Polynomial.Quotient (6.4s)
✔ [2818/3521] Built Mathlib.Analysis.Normed.Group.Indicator (2.5s)
✔ [2819/3521] Built Mathlib.Analysis.Calculus.TangentCone.Defs (2.8s)
✔ [2820/3521] Built Mathlib.Analysis.Normed.Group.Subgroup (2.8s)
✔ [2821/3521] Built Mathlib.Analysis.Normed.Group.Real (2.7s)
✔ [2822/3521] Built Mathlib.LinearAlgebra.Matrix.InvariantBasisNumber (3.4s)
✔ [2823/3521] Built Mathlib.Analysis.Normed.Group.Constructions (5.1s)
✔ [2824/3521] Built Mathlib.LinearAlgebra.Matrix.Dual (3.2s)
✔ [2825/3521] Built Mathlib.RingTheory.Nilpotent.Lemmas (3.1s)
✔ [2826/3521] Built Mathlib.RingTheory.TensorProduct.Free (4.5s)
✔ [2827/3521] Built Mathlib.LinearAlgebra.Matrix.Basis (4.4s)
✔ [2828/3521] Built Mathlib.Topology.Algebra.Module.ContinuousLinearMap.Basic (19s)
✔ [2829/3521] Built Mathlib.RingTheory.Polynomial.Vieta (3.6s)
✔ [2830/3521] Built Mathlib.LinearAlgebra.FreeModule.PID (7.3s)
✔ [2831/3521] Built Mathlib.RingTheory.Polynomial.ScaleRoots (3.9s)
✔ [2832/3521] Built Mathlib.Topology.Algebra.InfiniteSum.Ring (3.8s)
✔ [2833/3521] Built Mathlib.LinearAlgebra.FiniteDimensional.Defs (4.4s)
✔ [2834/3521] Built Mathlib.Algebra.Module.SpanRank (4.3s)
✔ [2835/3521] Built Mathlib.Topology.Algebra.UniformFilterBasis (3.8s)
✔ [2836/3521] Built Mathlib.LinearAlgebra.Dimension.Constructions (6.7s)
✔ [2837/3521] Built Mathlib.Topology.Algebra.InfiniteSum.Order (5.7s)
✔ [2838/3521] Built Mathlib.Topology.Algebra.Nonarchimedean.Bases (4.5s)
✔ [2839/3521] Built Mathlib.LinearAlgebra.Complex.Module (12s)
✔ [2840/3521] Built Mathlib.Topology.Algebra.MetricSpace.Lipschitz (4.5s)
✔ [2841/3521] Built Mathlib.Topology.Instances.Nat (3.1s)
✔ [2842/3521] Built Mathlib.LinearAlgebra.Matrix.Nondegenerate (4.4s)
✔ [2843/3521] Built Mathlib.Topology.MetricSpace.Isometry (5.4s)
✔ [2844/3521] Built Mathlib.Topology.Algebra.Ring.Real (3.1s)
✔ [2845/3521] Built Mathlib.RingTheory.Adjoin.Tower (3.4s)
✔ [2846/3521] Built Mathlib.RingTheory.Jacobson.Polynomial (3.1s)
✔ [2847/3521] Built Mathlib.RingTheory.IntegralClosure.IsIntegral.Basic (3.8s)
✔ [2848/3521] Built Mathlib.Topology.Instances.AddCircle.Defs (11s)
✔ [2849/3521] Built Mathlib.Analysis.Normed.Group.Int (2.9s)
✔ [2850/3521] Built Mathlib.Analysis.Calculus.TangentCone.Basic (3.7s)
✔ [2851/3521] Built Mathlib.RingTheory.Ideal.Quotient.Nilpotent (3.2s)
✔ [2852/3521] Built Mathlib.RingTheory.Spectrum.Prime.Basic (4.0s)
✔ [2853/3521] Built Mathlib.RingTheory.Algebraic.Basic (7.5s)
✔ [2854/3521] Built Mathlib.RingTheory.Polynomial.Nilpotent (3.9s)
✔ [2855/3521] Built Mathlib.RingTheory.IsTensorProduct (35s)
✔ [2856/3521] Built Mathlib.Topology.Algebra.Module.ContinuousLinearMap.Quotient (3.3s)
✔ [2857/3521] Built Mathlib.Topology.Algebra.Module.ContinuousLinearMap.RestrictScalars (3.7s)
✔ [2858/3521] Built Mathlib.Topology.Algebra.Module.ContinuousLinearMap.Restrict (3.7s)
✔ [2859/3521] Built Mathlib.Topology.Algebra.Algebra (7.4s)
✔ [2860/3521] Built Mathlib.LinearAlgebra.Matrix.SpecialLinearGroup (12s)
✔ [2861/3521] Built Mathlib.RingTheory.Polynomial.Eisenstein.Basic (2.7s)
✔ [2862/3521] Built Mathlib.RingTheory.TensorProduct.Quotient (17s)
✔ [2863/3521] Built Mathlib.Topology.Algebra.Module.ContinuousLinearMap.PiProd (5.6s)
✔ [2864/3521] Built Mathlib.Topology.Algebra.Module.ContinuousLinearMap.Idempotent (7.1s)
✔ [2865/3521] Built Mathlib.RingTheory.Adjoin.Dimension (2.8s)
✔ [2866/3521] Built Mathlib.RingTheory.Polynomial.IntegralNormalization (3.7s)
✔ [2867/3521] Built Mathlib.Topology.Algebra.SeparationQuotient.Basic (6.1s)
✔ [2868/3521] Built Mathlib.Analysis.Normed.Ring.Basic (13s)
✔ [2869/3521] Built Mathlib.LinearAlgebra.Dimension.ErdosKaplansky (3.9s)
✔ [2870/3521] Built Mathlib.LinearAlgebra.Dimension.FreeAndStrongRankCondition (3.8s)
✔ [2871/3521] Built Mathlib.Topology.ContinuousMap.Algebra (10s)
✔ [2872/3521] Built Mathlib.LinearAlgebra.Dimension.Finite (4.5s)
✔ [2873/3521] Built Mathlib.Topology.MetricSpace.ProperSpace.Real (2.8s)
✔ [2874/3521] Built Mathlib.Topology.MetricSpace.Dilation (3.8s)
✔ [2875/3521] Built Mathlib.Topology.Instances.ZMultiples (2.8s)
✔ [2876/3521] Built Mathlib.Topology.Instances.NNReal.Lemmas (3.2s)
✔ [2877/3521] Built Mathlib.Topology.MetricSpace.Gluing (3.7s)
✔ [2878/3521] Built Mathlib.Topology.Instances.Rat (3.4s)
✔ [2879/3521] Built Mathlib.Topology.Instances.Real.Lemmas (3.5s)
✔ [2880/3521] Built Mathlib.Analysis.Calculus.TangentCone.Prod (3.4s)
✔ [2881/3521] Built Mathlib.FieldTheory.Minpoly.Basic (3.9s)
✔ [2882/3521] Built Mathlib.RingTheory.KrullDimension.Basic (3.1s)
✔ [2883/3521] Built Mathlib.Topology.UnitInterval (6.1s)
✔ [2884/3521] Built Mathlib.RingTheory.Valuation.IsTrivialOn (3.4s)
✔ [2885/3521] Built Mathlib.RingTheory.Algebraic.MvPolynomial (4.4s)
✔ [2886/3521] Built Mathlib.Topology.MetricSpace.IsometricSMul (9.6s)
✔ [2887/3521] Built Mathlib.RingTheory.FiniteType (7.3s)
✔ [2888/3521] Built Mathlib.RingTheory.Artinian.Module (6.7s)
✔ [2889/3521] Built Mathlib.RingTheory.PolynomialAlgebra (4.4s)
✔ [2890/3521] Built Mathlib.Topology.Algebra.SeparationQuotient.Section (2.8s)
✔ [2891/3521] Built Mathlib.RingTheory.TensorProduct.MvPolynomial (7.2s)
✔ [2892/3521] Built Mathlib.Topology.Algebra.SeparationQuotient.FiniteDimensional (2.1s)
✔ [2893/3521] Built Mathlib.Analysis.Normed.Ring.Finite (2.4s)
✔ [2894/3521] Built Mathlib.Topology.Algebra.UniformRing (4.6s)
✔ [2895/3521] Built Mathlib.Topology.MetricSpace.Algebra (5.0s)
✔ [2896/3521] Built Mathlib.Topology.ContinuousMap.Star (3.3s)
✔ [2897/3521] Built Mathlib.FieldTheory.Finiteness (2.4s)
✔ [2898/3521] Built Mathlib.Topology.Algebra.Module.Multilinear.Basic (9.3s)
✔ [2899/3521] Built Mathlib.Topology.MetricSpace.DilationEquiv (3.3s)
✔ [2900/3521] Built Mathlib.LinearAlgebra.Dimension.RankNullity (5.0s)
✔ [2901/3521] Built Mathlib.Analysis.Normed.Field.Basic (5.8s)
✔ [2902/3521] Built Mathlib.Topology.Algebra.ContinuousAffineMap (12s)
✔ [2903/3521] Built Mathlib.LinearAlgebra.FiniteDimensional.Basic (6.0s)
✔ [2904/3521] Built Mathlib.Analysis.Real.Sqrt (4.8s)
✔ [2905/3521] Built Mathlib.Analysis.Normed.Group.Rat (3.1s)
✔ [2906/3521] Built Mathlib.Topology.Metrizable.CompletelyMetrizable (3.7s)
✔ [2907/3521] Built Mathlib.Topology.Instances.ENNReal.Lemmas (5.4s)
✔ [2908/3521] Built Mathlib.RingTheory.Localization.BaseChange (16s)
✔ [2909/3521] Built Mathlib.RingTheory.ReesAlgebra (3.3s)
✔ [2910/3521] Built Mathlib.RingTheory.AlgebraicIndependent.Transcendental (5.1s)
✔ [2911/3521] Built Mathlib.RingTheory.Localization.AtPrime.Basic (20s)
✔ [2912/3521] Built Mathlib.LinearAlgebra.FreeModule.StrongRankCondition (2.9s)
✔ [2913/3521] Built Mathlib.RingTheory.FiniteLength (3.4s)
✔ [2914/3521] Built Mathlib.Analysis.Normed.Group.AddTorsor (3.8s)
✔ [2915/3521] Built Mathlib.RingTheory.EssentialFiniteness (4.6s)
✔ [2916/3521] Built Mathlib.Topology.Path (7.6s)
✔ [2917/3521] Built Mathlib.RingTheory.FinitePresentation (5.6s)
✔ [2918/3521] Built Mathlib.RingTheory.MatrixPolynomialAlgebra (3.8s)
✔ [2919/3521] Built Mathlib.Topology.Algebra.UniformField (3.7s)
✔ [2920/3521] Built Mathlib.Topology.MetricSpace.CauSeqFilter (2.0s)
✔ [2921/3521] Built Mathlib.Topology.MetricSpace.Completion (3.8s)
✔ [2922/3521] Built Mathlib.LinearAlgebra.Dimension.DivisionRing (4.1s)
✔ [2923/3521] Built Mathlib.Analysis.Complex.Norm (3.8s)
✔ [2924/3521] Built Mathlib.Analysis.Normed.MulAction (5.2s)
✔ [2925/3521] Built Mathlib.NumberTheory.Real.Irrational (3.9s)
✔ [2926/3521] Built Mathlib.Tactic.NormNum.RealSqrt (3.8s)
✔ [2927/3521] Built Mathlib.Topology.Algebra.Module.Equiv (23s)
✔ [2928/3521] Built Mathlib.LinearAlgebra.Matrix.NonsingularInverse (6.6s)
✔ [2929/3521] Built Mathlib.Analysis.Normed.Group.Continuity (5.6s)
✔ [2930/3521] Built Mathlib.RingTheory.Ideal.MinimalPrime.Localization (3.7s)
✔ [2931/3521] Built Mathlib.RingTheory.Localization.Algebra (5.9s)
✔ [2932/3521] Built Mathlib.RingTheory.LocalProperties.Submodule (4.0s)
✔ [2933/3521] Built Mathlib.Algebra.Algebra.Subalgebra.IsSimpleOrder (3.3s)
✔ [2934/3521] Built Mathlib.RingTheory.SurjectiveOnStalks (5.3s)
✔ [2935/3521] Built Mathlib.RingTheory.Filtration (6.5s)
✔ [2936/3521] Built Mathlib.LinearAlgebra.FreeModule.Finite.Matrix (3.9s)
✔ [2937/3521] Built Mathlib.RingTheory.Localization.LocalizationLocalization (4.6s)
✔ [2938/3521] Built Mathlib.RingTheory.Localization.Submodule (3.3s)
✔ [2939/3521] Built Mathlib.Analysis.Asymptotics.Defs (13s)
✔ [2940/3521] Built Mathlib.LinearAlgebra.Dimension.LinearMap (3.0s)
✔ [2941/3521] Built Mathlib.Topology.Algebra.InfiniteSum.ENNReal (11s)
✔ [2942/3521] Built Mathlib.RingTheory.Length (4.9s)
✔ [2943/3521] Built Mathlib.Topology.Connected.PathConnected (3.9s)
✔ [2944/3521] Built Mathlib.Algebra.Category.Ring.Constructions (12s)
✔ [2945/3521] Built Mathlib.Analysis.Complex.Order (3.3s)
✔ [2946/3521] Built Mathlib.LinearAlgebra.FiniteDimensional.Lemmas (5.4s)
✔ [2947/3521] Built Mathlib.Analysis.Complex.Exponential (5.5s)
✔ [2948/3521] Built Mathlib.Topology.Algebra.InfiniteSum.Module (4.5s)
✔ [2949/3521] Built Mathlib.Topology.Algebra.Algebra.Equiv (5.1s)
✔ [2950/3521] Built Mathlib.Topology.Algebra.Module.Star (4.8s)
✔ [2951/3521] Built Mathlib.LinearAlgebra.Dimension.Localization (8.1s)
✔ [2952/3521] Built Mathlib.Topology.Instances.RealVectorSpace (2.9s)
✔ [2953/3521] Built Mathlib.Topology.Algebra.Module.Complement (7.6s)
✔ [2954/3521] Built Mathlib.Topology.Algebra.Module.ClosedSubmodule (6.2s)
✔ [2955/3521] Built Mathlib.Topology.Algebra.Module.ModuleTopology (6.9s)
✔ [2956/3521] Built Mathlib.LinearAlgebra.Matrix.Block (3.9s)
✔ [2957/3521] Built Mathlib.Topology.Algebra.ContinuousAffineEquiv (8.6s)
✔ [2958/3521] Built Mathlib.LinearAlgebra.UnitaryGroup (5.4s)
✔ [2959/3521] Built Mathlib.Analysis.Normed.Group.Bounded (3.4s)
✔ [2960/3521] Built Mathlib.LinearAlgebra.Matrix.GeneralLinearGroup.Defs (5.5s)
✔ [2961/3521] Built Mathlib.Topology.Algebra.Module.Alternating.Basic (11s)
✔ [2962/3521] Built Mathlib.LinearAlgebra.Matrix.Diagonal (2.8s)
✔ [2963/3521] Built Mathlib.Analysis.Normed.Group.Uniform (6.6s)
✔ [2964/3521] Built Mathlib.RingTheory.Localization.AsSubring (3.9s)
✔ [2965/3521] Built Mathlib.LinearAlgebra.Matrix.SchurComplement (7.5s)
✔ [2966/3521] Built Mathlib.Topology.Algebra.InfiniteSum.Real (2.8s)
✔ [2967/3521] Built Mathlib.MeasureTheory.OuterMeasure.Basic (2.8s)
✔ [2968/3521] Built Mathlib.RingTheory.FractionalIdeal.Basic (5.8s)
✔ [2969/3521] Built ResourceAware.Foundations.Graph.ResourceModel (5.8s)
✔ [2970/3521] Built TextbookAlgorithms.KleinbergTardos.Chapter05.MergeSort.Complexity (6.3s)
✔ [2971/3521] Built Mathlib.Topology.Connected.LocallyPathConnected (3.3s)
✔ [2972/3521] Built Mathlib.RingTheory.LocalRing.ResidueField.Ideal (9.5s)
✔ [2973/3521] Built Mathlib.Analysis.Convex.PathConnected (4.2s)
✔ [2974/3521] Built Mathlib.RingTheory.Ideal.Cotangent (9.1s)
✔ [2975/3521] Built Mathlib.Topology.Instances.AddCircle.Real (3.7s)
✔ [2976/3521] Built Mathlib.RingTheory.DiscreteValuationRing.Basic (5.5s)
✔ [2977/3521] Built Mathlib.RingTheory.RingHomProperties (4.8s)
✔ [2978/3521] Built Mathlib.Topology.Semicontinuity.Basic (8.2s)
✔ [2979/3521] Built Mathlib.Topology.Algebra.AffineSubspace (4.3s)
✔ [2980/3521] Built Mathlib.Topology.Instances.Matrix (5.3s)
✔ [2981/3521] Built Mathlib.LinearAlgebra.Matrix.ToLinearEquiv (5.1s)
✔ [2982/3521] Built Mathlib.Analysis.Complex.Trigonometric (7.1s)
✔ [2983/3521] Built Mathlib.LinearAlgebra.Matrix.Charpoly.Basic (6.2s)
✔ [2984/3521] Built Mathlib.Analysis.Normed.Order.Lattice (4.4s)
✔ [2985/3521] Built Mathlib.Analysis.Calculus.TangentCone.DimOne (3.6s)
✔ [2986/3521] Built Mathlib.LinearAlgebra.Vandermonde (6.0s)
✔ [2987/3521] Built Mathlib.Analysis.Normed.Ring.Lemmas (6.1s)
✔ [2988/3521] Built Mathlib.Analysis.Normed.Group.InfiniteSum (3.1s)
✔ [2989/3521] Built Mathlib.Analysis.Normed.Group.Completion (2.7s)
✔ [2990/3521] Built Mathlib.Analysis.Normed.Group.Lemmas (2.6s)
✔ [2991/3521] Built Mathlib.MeasureTheory.OuterMeasure.Operations (3.6s)
✔ [2992/3521] Built Mathlib.MeasureTheory.OuterMeasure.AE (4.1s)
✔ [2993/3521] Built Mathlib.Analysis.Normed.Operator.ContinuousLinearMap (4.9s)
✔ [2994/3521] Built Mathlib.Analysis.Normed.Group.Hom (8.1s)
✔ [2995/3521] Built TextbookAlgorithms.KleinbergTardos.Chapter05.MergeSort (7.9s)
ℹ [2996/3521] Built Examples.Algorithms.MergeSort (8.7s)
info: Examples/Algorithms/MergeSort.lean:109:0: [1, 2, 3, 4]
info: Examples/Algorithms/MergeSort.lean:110:0: [{ operation := KleinbergMergeSort.Op.split 4, measurement := 0 },
 { operation := KleinbergMergeSort.Op.baseCase 2, measurement := 0 },
 { operation := KleinbergMergeSort.Op.comparison (ResourceAware.Algorithms.Sorting.ComparisonOp.le 4 1),
   measurement := 1 },
 { operation := KleinbergMergeSort.Op.baseCase 2, measurement := 0 },
 { operation := KleinbergMergeSort.Op.comparison (ResourceAware.Algorithms.Sorting.ComparisonOp.le 3 2),
   measurement := 1 },
 { operation := KleinbergMergeSort.Op.merge 4, measurement := 0 },
 { operation := KleinbergMergeSort.Op.comparison (ResourceAware.Algorithms.Sorting.ComparisonOp.le 1 2),
   measurement := 1 },
 { operation := KleinbergMergeSort.Op.comparison (ResourceAware.Algorithms.Sorting.ComparisonOp.le 4 2),
   measurement := 1 },
 { operation := KleinbergMergeSort.Op.comparison (ResourceAware.Algorithms.Sorting.ComparisonOp.le 4 3),
   measurement := 1 }]
info: Examples/Algorithms/MergeSort.lean:111:0: 5
info: Examples/Algorithms/MergeSort.lean:112:0: [{ operation := KleinbergMergeSort.Op.split 4, measurement := 4 },
 { operation := KleinbergMergeSort.Op.baseCase 2, measurement := 0 },
 { operation := KleinbergMergeSort.Op.comparison (ResourceAware.Algorithms.Sorting.ComparisonOp.le 4 1),
   measurement := 1 },
 { operation := KleinbergMergeSort.Op.baseCase 2, measurement := 0 },
 { operation := KleinbergMergeSort.Op.comparison (ResourceAware.Algorithms.Sorting.ComparisonOp.le 3 2),
   measurement := 1 },
 { operation := KleinbergMergeSort.Op.merge 4, measurement := 4 },
 { operation := KleinbergMergeSort.Op.comparison (ResourceAware.Algorithms.Sorting.ComparisonOp.le 1 2),
   measurement := 1 },
 { operation := KleinbergMergeSort.Op.comparison (ResourceAware.Algorithms.Sorting.ComparisonOp.le 4 2),
   measurement := 1 },
 { operation := KleinbergMergeSort.Op.comparison (ResourceAware.Algorithms.Sorting.ComparisonOp.le 4 3),
   measurement := 1 }]
info: Examples/Algorithms/MergeSort.lean:113:0: 13
✔ [2997/3521] Built ResourceAware.Algorithms.GraphTraversal.Model (10s)
✔ [2998/3521] Built Mathlib.RingTheory.Spectrum.Prime.RingHom (8.8s)
✔ [2999/3521] Built Mathlib.Analysis.Convex.StdSimplex (9.1s)
✔ [3000/3521] Built Mathlib.Topology.Instances.EReal.Lemmas (7.6s)
✔ [3001/3521] Built Mathlib.RingTheory.LocalProperties.Basic (9.3s)
ℹ [3002/3521] Built Examples.Infrastructure.Graph (13s)
info: Examples/Infrastructure/Graph.lean:321:0: [(0, ResourceAware.Graph.Test.Vertex.middle, 7),
 (1, ResourceAware.Graph.Test.Vertex.sink, 0),
 (2, ResourceAware.Graph.Test.Vertex.middle, 3),
 (3, ResourceAware.Graph.Test.Vertex.middle, 3)]
info: Examples/Infrastructure/Graph.lean:323:0: 5
info: Examples/Infrastructure/Graph.lean:324:0: 5
✔ [3003/3521] Built Mathlib.RingTheory.FractionalIdeal.Operations (15s)
✔ [3004/3521] Built Mathlib.Topology.Algebra.Polynomial (4.4s)
✔ [3005/3521] Built Mathlib.Topology.Bornology.BoundedOperation (3.7s)
✔ [3006/3521] Built Mathlib.LinearAlgebra.Matrix.Charpoly.Coeff (7.1s)
✔ [3007/3521] Built Mathlib.Analysis.Normed.Field.Lemmas (6.4s)
✔ [3008/3521] Built Mathlib.Analysis.Normed.Group.FunctionSeries (3.0s)
✔ [3009/3521] Built Mathlib.LinearAlgebra.Dual.Lemmas (26s)
✔ [3010/3521] Built Mathlib.MeasureTheory.OuterMeasure.BorelCantelli (2.7s)
✔ [3011/3521] Built Mathlib.Analysis.Normed.Ring.InfiniteSum (4.9s)
✔ [3012/3521] Built Mathlib.RingTheory.Spectrum.Maximal.Localization (4.7s)
✔ [3013/3521] Built TextbookAlgorithms.KleinbergTardos.Chapter03.BFS.ResourceModel (5.9s)
✔ [3014/3521] Built TextbookAlgorithms.KleinbergTardos.Chapter03.DFS.ResourceModel (5.6s)
✔ [3015/3521] Built Mathlib.RingTheory.FractionalIdeal.Inverse (4.9s)
✔ [3016/3521] Built Mathlib.Analysis.SpecificLimits.Basic (5.9s)
✔ [3017/3521] Built Mathlib.Analysis.Convex.Topology (6.5s)
✔ [3018/3521] Built Mathlib.LinearAlgebra.Matrix.Charpoly.LinearMap (5.5s)
✔ [3019/3521] Built Mathlib.Analysis.Asymptotics.Lemmas (12s)
✔ [3020/3521] Built Mathlib.LinearAlgebra.GeneralLinearGroup.AlgEquiv (4.2s)
✔ [3021/3521] Built Mathlib.MeasureTheory.OuterMeasure.OfFunction (3.5s)
✔ [3022/3521] Built Mathlib.Topology.ContinuousMap.Bounded.Basic (9.5s)
✔ [3023/3521] Built Mathlib.LinearAlgebra.Contraction (5.9s)
✔ [3024/3521] Built Mathlib.Topology.Baire.CompleteMetrizable (3.3s)
✔ [3025/3521] Built Mathlib.LinearAlgebra.BilinearForm.Properties (7.2s)
✔ [3026/3521] Built Mathlib.LinearAlgebra.Matrix.SesquilinearForm (20s)
✔ [3027/3521] Built Mathlib.Topology.MetricSpace.Contracting (3.7s)
✔ [3028/3521] Built TextbookAlgorithms.KleinbergTardos.Chapter03.DFS.Complexity (6.1s)
✔ [3029/3521] Built TextbookAlgorithms.KleinbergTardos.Chapter03.BFS.Complexity (7.2s)
✔ [3030/3521] Built Mathlib.Analysis.Normed.Module.Basic (9.3s)
✔ [3031/3521] Built Mathlib.Analysis.Calculus.TangentCone.Real (3.4s)
✔ [3032/3521] Built Mathlib.FieldTheory.Minpoly.Finite (3.2s)
✔ [3033/3521] Built Mathlib.Tactic.ComputeAsymptotics.Lemmas (2.8s)
✔ [3034/3521] Built Mathlib.Topology.MetricSpace.HausdorffDistance (4.9s)
✔ [3035/3521] Built Mathlib.Topology.Algebra.Module.LocallyConvex (4.2s)
✔ [3036/3521] Built Mathlib.MeasureTheory.OuterMeasure.Caratheodory (3.3s)
✔ [3037/3521] Built Mathlib.RingTheory.IntegralClosure.Algebra.Basic (5.2s)
✔ [3038/3521] Built Mathlib.LinearAlgebra.BilinearForm.DualLattice (5.1s)
✔ [3039/3521] Built TextbookAlgorithms.KleinbergTardos.Chapter03.DFS.Correctness (4.8s)
✔ [3040/3521] Built Mathlib.Analysis.Asymptotics.Theta (4.0s)
✔ [3041/3521] Built Mathlib.Analysis.Normed.Module.RCLike.Real (4.1s)
✔ [3042/3521] Built Mathlib.Analysis.Normed.Operator.LinearIsometry (41s)
✔ [3043/3521] Built Mathlib.Analysis.LocallyConvex.Basic (6.2s)
✔ [3044/3521] Built TextbookAlgorithms.KleinbergTardos.Chapter03.BFS.Correctness (7.3s)
✔ [3045/3521] Built Mathlib.LinearAlgebra.Trace (9.5s)
✔ [3046/3521] Built Mathlib.Topology.MetricSpace.Thickening (5.0s)
✔ [3047/3521] Built Mathlib.LinearAlgebra.Matrix.BilinearForm (10s)
✔ [3048/3521] Built Mathlib.LinearAlgebra.Determinant (12s)
✔ [3049/3521] Built Mathlib.MeasureTheory.OuterMeasure.Induced (5.0s)
✔ [3050/3521] Built Mathlib.Analysis.SpecificLimits.Normed (11s)
✔ [3051/3521] Built Mathlib.Analysis.Normed.Module.Ray (4.1s)
✔ [3052/3521] Built Mathlib.Topology.MetricSpace.PiNat (8.3s)
✔ [3053/3521] Built TextbookAlgorithms.KleinbergTardos.Chapter03.DFS (5.0s)
✔ [3054/3521] Built Mathlib.Analysis.Asymptotics.AsymptoticEquivalent (5.4s)
ℹ [3055/3521] Built Examples.Algorithms.DFS (5.6s)
info: Examples/Algorithms/DFS.lean:116:0: true
info: Examples/Algorithms/DFS.lean:117:0: true
info: Examples/Algorithms/DFS.lean:118:0: true
info: Examples/Algorithms/DFS.lean:119:0: true
info: Examples/Algorithms/DFS.lean:122:0: [(ResourceAware.Algorithms.GraphTraversal.Op.clearVisited, 4),
 (ResourceAware.Algorithms.GraphTraversal.Op.checkStackEmpty, 1),
 (ResourceAware.Algorithms.GraphTraversal.Op.isVisited (KleinbergDFSTest.V.s), 1),
 (ResourceAware.Algorithms.GraphTraversal.Op.markVisited (KleinbergDFSTest.V.s), 1),
 (ResourceAware.Algorithms.GraphTraversal.Op.neighbors (KleinbergDFSTest.V.s), 2),
 (ResourceAware.Algorithms.GraphTraversal.Op.checkStackEmpty, 1),
 (ResourceAware.Algorithms.GraphTraversal.Op.isVisited (KleinbergDFSTest.V.b), 1),
 (ResourceAware.Algorithms.GraphTraversal.Op.markVisited (KleinbergDFSTest.V.b), 1),
 (ResourceAware.Algorithms.GraphTraversal.Op.neighbors (KleinbergDFSTest.V.b), 1),
 (ResourceAware.Algorithms.GraphTraversal.Op.checkStackEmpty, 1),
 (ResourceAware.Algorithms.GraphTraversal.Op.isVisited (KleinbergDFSTest.V.c), 1),
 (ResourceAware.Algorithms.GraphTraversal.Op.markVisited (KleinbergDFSTest.V.c), 1),
 (ResourceAware.Algorithms.GraphTraversal.Op.neighbors (KleinbergDFSTest.V.c), 0),
 (ResourceAware.Algorithms.GraphTraversal.Op.checkStackEmpty, 1),
 (ResourceAware.Algorithms.GraphTraversal.Op.isVisited (KleinbergDFSTest.V.a), 1),
 (ResourceAware.Algorithms.GraphTraversal.Op.markVisited (KleinbergDFSTest.V.a), 1),
 (ResourceAware.Algorithms.GraphTraversal.Op.neighbors (KleinbergDFSTest.V.a), 1),
 (ResourceAware.Algorithms.GraphTraversal.Op.checkStackEmpty, 1),
 (ResourceAware.Algorithms.GraphTraversal.Op.isVisited (KleinbergDFSTest.V.c), 1),
 (ResourceAware.Algorithms.GraphTraversal.Op.checkStackEmpty, 1)]
info: Examples/Algorithms/DFS.lean:123:0: 23
info: Examples/Algorithms/DFS.lean:126:0: [(ResourceAware.Algorithms.GraphTraversal.Op.clearVisited, 4),
 (ResourceAware.Algorithms.GraphTraversal.Op.checkStackEmpty, 1),
 (ResourceAware.Algorithms.GraphTraversal.Op.isVisited (KleinbergDFSTest.V.s), 1),
 (ResourceAware.Algorithms.GraphTraversal.Op.markVisited (KleinbergDFSTest.V.s), 1),
 (ResourceAware.Algorithms.GraphTraversal.Op.neighbors (KleinbergDFSTest.V.s), 4),
 (ResourceAware.Algorithms.GraphTraversal.Op.checkStackEmpty, 1),
 (ResourceAware.Algorithms.GraphTraversal.Op.isVisited (KleinbergDFSTest.V.b), 1),
 (ResourceAware.Algorithms.GraphTraversal.Op.markVisited (KleinbergDFSTest.V.b), 1),
 (ResourceAware.Algorithms.GraphTraversal.Op.neighbors (KleinbergDFSTest.V.b), 4),
 (ResourceAware.Algorithms.GraphTraversal.Op.checkStackEmpty, 1),
 (ResourceAware.Algorithms.GraphTraversal.Op.isVisited (KleinbergDFSTest.V.c), 1),
 (ResourceAware.Algorithms.GraphTraversal.Op.markVisited (KleinbergDFSTest.V.c), 1),
 (ResourceAware.Algorithms.GraphTraversal.Op.neighbors (KleinbergDFSTest.V.c), 4),
 (ResourceAware.Algorithms.GraphTraversal.Op.checkStackEmpty, 1),
 (ResourceAware.Algorithms.GraphTraversal.Op.isVisited (KleinbergDFSTest.V.a), 1),
 (ResourceAware.Algorithms.GraphTraversal.Op.markVisited (KleinbergDFSTest.V.a), 1),
 (ResourceAware.Algorithms.GraphTraversal.Op.neighbors (KleinbergDFSTest.V.a), 4),
 (ResourceAware.Algorithms.GraphTraversal.Op.checkStackEmpty, 1),
 (ResourceAware.Algorithms.GraphTraversal.Op.isVisited (KleinbergDFSTest.V.c), 1),
 (ResourceAware.Algorithms.GraphTraversal.Op.checkStackEmpty, 1)]
info: Examples/Algorithms/DFS.lean:127:0: 35
info: Examples/Algorithms/DFS.lean:130:0: 8
info: Examples/Algorithms/DFS.lean:131:0: 16
info: Examples/Algorithms/DFS.lean:132:0: 9
info: Examples/Algorithms/DFS.lean:133:0: 9
✔ [3056/3521] Built Mathlib.RingTheory.IntegralClosure.IsIntegralClosure.Basic (8.3s)
✔ [3057/3521] Built Mathlib.Analysis.Normed.Module.Span (4.3s)
✔ [3058/3521] Built TextbookAlgorithms.KleinbergTardos.Chapter03.BFS (3.0s)
✔ [3059/3521] Built Mathlib.Analysis.CStarAlgebra.Basic (5.7s)
ℹ [3060/3521] Built Examples.Algorithms.BFS (5.1s)
info: Examples/Algorithms/BFS.lean:133:0: true
info: Examples/Algorithms/BFS.lean:134:0: true
info: Examples/Algorithms/BFS.lean:135:0: true
info: Examples/Algorithms/BFS.lean:136:0: true
info: Examples/Algorithms/BFS.lean:137:0: some 0
info: Examples/Algorithms/BFS.lean:138:0: some 1
info: Examples/Algorithms/BFS.lean:139:0: some 1
info: Examples/Algorithms/BFS.lean:140:0: some 2
info: Examples/Algorithms/BFS.lean:141:0: [(KleinbergBFSTest.V.a, KleinbergBFSTest.V.c),
 (KleinbergBFSTest.V.s, KleinbergBFSTest.V.b),
 (KleinbergBFSTest.V.s, KleinbergBFSTest.V.a)]
info: Examples/Algorithms/BFS.lean:144:0: [(ResourceAware.Algorithms.GraphTraversal.Op.clearVisited, 4),
 (ResourceAware.Algorithms.GraphTraversal.Op.clearLevels, 4),
 (ResourceAware.Algorithms.GraphTraversal.Op.clearTree, 1),
 (ResourceAware.Algorithms.GraphTraversal.Op.markVisited (KleinbergBFSTest.V.s), 1),
 (ResourceAware.Algorithms.GraphTraversal.Op.recordLevel (KleinbergBFSTest.V.s) 0, 1),
 (ResourceAware.Algorithms.GraphTraversal.Op.checkLayerEmpty 0, 1),
 (ResourceAware.Algorithms.GraphTraversal.Op.neighbors (KleinbergBFSTest.V.s), 2),
 (ResourceAware.Algorithms.GraphTraversal.Op.isVisited (KleinbergBFSTest.V.a), 1),
 (ResourceAware.Algorithms.GraphTraversal.Op.markVisited (KleinbergBFSTest.V.a), 1),
 (ResourceAware.Algorithms.GraphTraversal.Op.recordLevel (KleinbergBFSTest.V.a) 1, 1),
 (ResourceAware.Algorithms.GraphTraversal.Op.addTreeEdge (KleinbergBFSTest.V.s) (KleinbergBFSTest.V.a), 1),
 (ResourceAware.Algorithms.GraphTraversal.Op.isVisited (KleinbergBFSTest.V.b), 1),
 (ResourceAware.Algorithms.GraphTraversal.Op.markVisited (KleinbergBFSTest.V.b), 1),
 (ResourceAware.Algorithms.GraphTraversal.Op.recordLevel (KleinbergBFSTest.V.b) 1, 1),
 (ResourceAware.Algorithms.GraphTraversal.Op.addTreeEdge (KleinbergBFSTest.V.s) (KleinbergBFSTest.V.b), 1),
 (ResourceAware.Algorithms.GraphTraversal.Op.checkLayerEmpty 1, 1),
 (ResourceAware.Algorithms.GraphTraversal.Op.neighbors (KleinbergBFSTest.V.a), 1),
 (ResourceAware.Algorithms.GraphTraversal.Op.isVisited (KleinbergBFSTest.V.c), 1),
 (ResourceAware.Algorithms.GraphTraversal.Op.markVisited (KleinbergBFSTest.V.c), 1),
 (ResourceAware.Algorithms.GraphTraversal.Op.recordLevel (KleinbergBFSTest.V.c) 2, 1),
 (ResourceAware.Algorithms.GraphTraversal.Op.addTreeEdge (KleinbergBFSTest.V.a) (KleinbergBFSTest.V.c), 1),
 (ResourceAware.Algorithms.GraphTraversal.Op.neighbors (KleinbergBFSTest.V.b), 1),
 (ResourceAware.Algorithms.GraphTraversal.Op.isVisited (KleinbergBFSTest.V.c), 1),
 (ResourceAware.Algorithms.GraphTraversal.Op.checkLayerEmpty 2, 1),
 (ResourceAware.Algorithms.GraphTraversal.Op.neighbors (KleinbergBFSTest.V.c), 0),
 (ResourceAware.Algorithms.GraphTraversal.Op.checkLayerEmpty 3, 1)]
info: Examples/Algorithms/BFS.lean:147:0: 32
info: Examples/Algorithms/BFS.lean:150:0: [(ResourceAware.Algorithms.GraphTraversal.Op.clearVisited, 4),
 (ResourceAware.Algorithms.GraphTraversal.Op.clearLevels, 4),
 (ResourceAware.Algorithms.GraphTraversal.Op.clearTree, 1),
 (ResourceAware.Algorithms.GraphTraversal.Op.markVisited (KleinbergBFSTest.V.s), 1),
 (ResourceAware.Algorithms.GraphTraversal.Op.recordLevel (KleinbergBFSTest.V.s) 0, 1),
 (ResourceAware.Algorithms.GraphTraversal.Op.checkLayerEmpty 0, 1),
 (ResourceAware.Algorithms.GraphTraversal.Op.neighbors (KleinbergBFSTest.V.s), 4),
 (ResourceAware.Algorithms.GraphTraversal.Op.isVisited (KleinbergBFSTest.V.a), 1),
 (ResourceAware.Algorithms.GraphTraversal.Op.markVisited (KleinbergBFSTest.V.a), 1),
 (ResourceAware.Algorithms.GraphTraversal.Op.recordLevel (KleinbergBFSTest.V.a) 1, 1),
 (ResourceAware.Algorithms.GraphTraversal.Op.addTreeEdge (KleinbergBFSTest.V.s) (KleinbergBFSTest.V.a), 1),
 (ResourceAware.Algorithms.GraphTraversal.Op.isVisited (KleinbergBFSTest.V.b), 1),
 (ResourceAware.Algorithms.GraphTraversal.Op.markVisited (KleinbergBFSTest.V.b), 1),
 (ResourceAware.Algorithms.GraphTraversal.Op.recordLevel (KleinbergBFSTest.V.b) 1, 1),
 (ResourceAware.Algorithms.GraphTraversal.Op.addTreeEdge (KleinbergBFSTest.V.s) (KleinbergBFSTest.V.b), 1),
 (ResourceAware.Algorithms.GraphTraversal.Op.checkLayerEmpty 1, 1),
 (ResourceAware.Algorithms.GraphTraversal.Op.neighbors (KleinbergBFSTest.V.a), 4),
 (ResourceAware.Algorithms.GraphTraversal.Op.isVisited (KleinbergBFSTest.V.c), 1),
 (ResourceAware.Algorithms.GraphTraversal.Op.markVisited (KleinbergBFSTest.V.c), 1),
 (ResourceAware.Algorithms.GraphTraversal.Op.recordLevel (KleinbergBFSTest.V.c) 2, 1),
 (ResourceAware.Algorithms.GraphTraversal.Op.addTreeEdge (KleinbergBFSTest.V.a) (KleinbergBFSTest.V.c), 1),
 (ResourceAware.Algorithms.GraphTraversal.Op.neighbors (KleinbergBFSTest.V.b), 4),
 (ResourceAware.Algorithms.GraphTraversal.Op.isVisited (KleinbergBFSTest.V.c), 1),
 (ResourceAware.Algorithms.GraphTraversal.Op.checkLayerEmpty 2, 1),
 (ResourceAware.Algorithms.GraphTraversal.Op.neighbors (KleinbergBFSTest.V.c), 4),
 (ResourceAware.Algorithms.GraphTraversal.Op.checkLayerEmpty 3, 1)]
info: Examples/Algorithms/BFS.lean:151:0: 44
info: Examples/Algorithms/BFS.lean:154:0: 8
info: Examples/Algorithms/BFS.lean:155:0: 16
info: Examples/Algorithms/BFS.lean:158:0: 16
info: Examples/Algorithms/BFS.lean:159:0: 16
✔ [3061/3521] Built Mathlib.Analysis.LocallyConvex.BalancedCoreHull (4.5s)
✔ [3062/3521] Built Mathlib.Topology.MetricSpace.ThickenedIndicator (4.2s)
✔ [3063/3521] Built Mathlib.Analysis.Normed.Group.Pointwise (4.9s)
✔ [3064/3521] Built Mathlib.Topology.Algebra.Module.Determinant (2.0s)
✔ [3065/3521] Built Mathlib.Analysis.Normed.Group.Quotient (8.4s)
✔ [3066/3521] Built Mathlib.RingTheory.Trace.Defs (3.8s)
✔ [3067/3521] Built Mathlib.RingTheory.Norm.Defs (2.9s)
✔ [3068/3521] Built Mathlib.Topology.Algebra.Module.PerfectSpace (2.9s)
✔ [3069/3521] Built Mathlib.Topology.MetricSpace.CantorScheme (2.8s)
✔ [3070/3521] Built Mathlib.MeasureTheory.Measure.MeasureSpaceDef (4.1s)
✔ [3071/3521] Built Mathlib.Analysis.SpecialFunctions.Choose (2.8s)
✔ [3072/3521] Built Mathlib.Analysis.Normed.Ring.Units (3.7s)
✔ [3073/3521] Built Mathlib.Topology.MetricSpace.Polish (3.7s)
✔ [3074/3521] Built Mathlib.MeasureTheory.Function.AEMeasurableSequence (3.1s)
✔ [3075/3521] Built Mathlib.Analysis.Normed.Module.Convex (4.9s)
✔ [3076/3521] Built Mathlib.MeasureTheory.Measure.AEDisjoint (3.2s)
✔ [3077/3521] Built Mathlib.MeasureTheory.Measure.Doubling (3.6s)
✔ [3078/3521] Built Mathlib.Topology.MetricSpace.Perfect (3.3s)
✔ [3079/3521] Built Mathlib.Analysis.Normed.Module.Ball.Pointwise (5.6s)
✔ [3080/3521] Built Mathlib.Analysis.Normed.Affine.Isometry (15s)
✔ [3081/3521] Built Mathlib.MeasureTheory.Measure.NullMeasurable (2.8s)
✔ [3082/3521] Built Mathlib.Analysis.Convex.StrictConvexSpace (2.7s)
✔ [3083/3521] Built Mathlib.RingTheory.Algebraic.Integral (10s)
✔ [3084/3521] Built Mathlib.Analysis.Normed.Group.AddCircle (3.5s)
✔ [3085/3521] Built Mathlib.Analysis.RCLike.Basic (11s)
✔ [3086/3521] Built Mathlib.Analysis.Seminorm (18s)
✔ [3087/3521] Built Mathlib.Analysis.Convex.Uniform (3.7s)
✔ [3088/3521] Built Mathlib.FieldTheory.Minpoly.Field (4.1s)
✔ [3089/3521] Built Mathlib.MeasureTheory.Measure.MeasureSpace (7.2s)
✔ [3090/3521] Built Mathlib.FieldTheory.IntermediateField.Algebraic (5.7s)
✔ [3091/3521] Built Mathlib.RingTheory.Localization.Integral (5.0s)
✔ [3092/3521] Built Mathlib.Analysis.Convex.EGauge (5.8s)
✔ [3093/3521] Built Mathlib.MeasureTheory.Measure.Map (3.8s)
✔ [3094/3521] Built Mathlib.FieldTheory.Normal.Defs (5.7s)
✔ [3095/3521] Built Mathlib.RingTheory.PowerBasis (6.2s)
✔ [3096/3521] Built Mathlib.Analysis.LocallyConvex.Bounded (7.7s)
✔ [3097/3521] Built Mathlib.Analysis.RCLike.Extend (8.4s)
✔ [3098/3521] Built Mathlib.RingTheory.Ideal.GoingUp (5.4s)
✔ [3099/3521] Built Mathlib.Analysis.Complex.Basic (9.4s)
✔ [3100/3521] Built Mathlib.RingTheory.IntegralClosure.IntegrallyClosed (5.8s)
✔ [3101/3521] Built Mathlib.MeasureTheory.Group.Defs (3.5s)
✔ [3102/3521] Built Mathlib.MeasureTheory.Measure.AbsolutelyContinuous (3.4s)
✔ [3103/3521] Built Mathlib.LinearAlgebra.Matrix.Charpoly.Minpoly (3.2s)
✔ [3104/3521] Built Mathlib.FieldTheory.IntermediateField.Adjoin.Algebra (8.8s)
✔ [3105/3521] Built Mathlib.FieldTheory.Separable (5.9s)
✔ [3106/3521] Built Mathlib.RingTheory.Adjoin.PowerBasis (5.8s)
✔ [3107/3521] Built Mathlib.Topology.Algebra.Module.UniformConvergence (4.5s)
✔ [3108/3521] Built Mathlib.Topology.Algebra.Module.Multilinear.Bounded (5.1s)
✔ [3109/3521] Built Mathlib.Analysis.Complex.Asymptotics (3.7s)
✔ [3110/3521] Built Mathlib.Analysis.Convex.Gauge (9.4s)
✔ [3111/3521] Built Mathlib.RingTheory.Jacobson.Ring (7.1s)
✔ [3112/3521] Built Mathlib.Algebra.GCDMonoid.IntegrallyClosed (4.3s)
✔ [3113/3521] Built Mathlib.RingTheory.LocalProperties.IntegrallyClosed (5.3s)
✔ [3114/3521] Built Mathlib.FieldTheory.RatFunc.Basic (23s)
✔ [3115/3521] Built Mathlib.RingTheory.Polynomial.RationalRoot (3.8s)
✔ [3116/3521] Built Mathlib.MeasureTheory.Covering.VitaliFamily (3.9s)
✔ [3117/3521] Built Mathlib.RingTheory.Spectrum.Prime.Topology (9.4s)
✔ [3118/3521] Built Mathlib.MeasureTheory.Measure.QuasiMeasurePreserving (3.9s)
✔ [3119/3521] Built Mathlib.RingTheory.Polynomial.SeparableDegree (3.2s)
✔ [3120/3521] Built Mathlib.RingTheory.DedekindDomain.Basic (3.4s)
✔ [3121/3521] Built Mathlib.RingTheory.AlgebraicIndependent.Adjoin (6.1s)
✔ [3122/3521] Built Mathlib.Analysis.Asymptotics.TVS (20s)
✔ [3123/3521] Built Mathlib.Analysis.SpecialFunctions.Exp (4.3s)
✔ [3124/3521] Built Mathlib.Analysis.LocallyConvex.WithSeminorms (16s)
✔ [3125/3521] Built Mathlib.FieldTheory.Fixed (7.0s)
✔ [3126/3521] Built Mathlib.Topology.Algebra.Module.FiniteDimension (19s)
✔ [3127/3521] Built Mathlib.MeasureTheory.Measure.Comap (3.8s)
✔ [3128/3521] Built Mathlib.RingTheory.AlgebraicIndependent.TranscendenceBasis (9.8s)
✔ [3129/3521] Built Mathlib.RingTheory.KrullDimension.Zero (3.3s)
✔ [3130/3521] Built Mathlib.RingTheory.AdjoinRoot (22s)
✔ [3131/3521] Built Mathlib.Analysis.Calculus.FDeriv.Defs (4.7s)
✔ [3132/3521] Built Mathlib.Analysis.SpecialFunctions.Log.Basic (5.9s)
✔ [3133/3521] Built Mathlib.Analysis.SpecialFunctions.Trigonometric.Basic (8.1s)
✔ [3134/3521] Built Mathlib.RingTheory.DiscreteValuationRing.TFAE (6.5s)
✔ [3135/3521] Built Mathlib.RingTheory.DedekindDomain.Ideal.Basic (9.4s)
✔ [3136/3521] Built Mathlib.FieldTheory.KummerPolynomial (4.5s)
✔ [3137/3521] Built Mathlib.RingTheory.Adjoin.Field (6.8s)
✔ [3138/3521] Built Mathlib.MeasureTheory.Measure.Restrict (8.7s)
✔ [3139/3521] Built Mathlib.Analysis.InnerProductSpace.Defs (9.2s)
✔ [3140/3521] Built Mathlib.Analysis.LocallyConvex.Separation (9.2s)
✔ [3141/3521] Built Mathlib.RingTheory.Valuation.ValuationSubring (11s)
✔ [3142/3521] Built Mathlib.Topology.Algebra.Module.Spaces.UniformConvergenceCLM (16s)
✔ [3143/3521] Built Mathlib.RingTheory.DedekindDomain.Dvr (3.8s)
✔ [3144/3521] Built Mathlib.Analysis.SpecialFunctions.Trigonometric.Inverse (5.3s)
✔ [3145/3521] Built Mathlib.FieldTheory.SplittingField.IsSplittingField (4.3s)
✔ [3146/3521] Built Mathlib.MeasureTheory.Measure.Typeclasses.NullSingletonClass (3.6s)
✔ [3147/3521] Built Mathlib.MeasureTheory.Measure.MutuallySingular (4.1s)
✔ [3148/3521] Built Mathlib.FieldTheory.Perfect (5.9s)
✔ [3149/3521] Built Mathlib.MeasureTheory.Measure.Typeclasses.Finite (5.7s)
✔ [3150/3521] Built Mathlib.MeasureTheory.Topology (3.1s)
✔ [3151/3521] Built Mathlib.Analysis.SpecialFunctions.Trigonometric.Angle (10s)
✔ [3152/3521] Built Mathlib.MeasureTheory.Measure.Sub (3.5s)
✔ [3153/3521] Built Mathlib.RingTheory.Valuation.Discrete.Basic (8.0s)
✔ [3154/3521] Built Mathlib.FieldTheory.SplittingField.Construction (6.5s)
✔ [3155/3521] Built Mathlib.FieldTheory.Finite.Basic (6.7s)
✔ [3156/3521] Built Mathlib.MeasureTheory.Measure.Typeclasses.Probability (4.1s)
✔ [3157/3521] Built Mathlib.MeasureTheory.Measure.Decomposition.Hahn (5.6s)
✔ [3158/3521] Built Mathlib.Topology.Algebra.Valued.ValuationTopology (10s)
✔ [3159/3521] Built Mathlib.Analysis.InnerProductSpace.Basic (12s)
✔ [3160/3521] Built Mathlib.RingTheory.Polynomial.GaussLemma (4.7s)
✔ [3161/3521] Built Mathlib.MeasureTheory.Measure.Typeclasses.SFinite (5.5s)
✔ [3162/3521] Built Mathlib.RingTheory.DedekindDomain.Ideal.Lemmas (17s)
✔ [3163/3521] Built Mathlib.NumberTheory.LegendreSymbol.QuadraticChar.Basic (4.5s)
✔ [3164/3521] Built Mathlib.Analysis.SpecialFunctions.Complex.Arg (5.9s)
✔ [3165/3521] Built Mathlib.FieldTheory.IntermediateField.Adjoin.Basic (13s)
✔ [3166/3521] Built Mathlib.Probability.ConditionalProbability (4.8s)
✔ [3167/3521] Built Mathlib.Analysis.InnerProductSpace.Convex (3.6s)
✔ [3168/3521] Built Mathlib.MeasureTheory.Measure.Decomposition.Exhaustion (3.4s)
✔ [3169/3521] Built Mathlib.MeasureTheory.Measure.Real (4.2s)
✔ [3170/3521] Built Mathlib.Topology.Algebra.ValuativeRel.ValuativeTopology (7.2s)
✔ [3171/3521] Built Mathlib.MeasureTheory.Measure.Dirac (4.2s)
✔ [3172/3521] Built Mathlib.MeasureTheory.Measure.Trim (3.6s)
✔ [3173/3521] Built Mathlib.NumberTheory.LegendreSymbol.Basic (3.9s)
✔ [3174/3521] Built Mathlib.Analysis.SpecialFunctions.Complex.Log (4.4s)
✔ [3175/3521] Built Mathlib.Analysis.InnerProductSpace.Projection.Minimal (6.9s)
✔ [3176/3521] Built Mathlib.FieldTheory.Minpoly.IsIntegrallyClosed (6.8s)
✔ [3177/3521] Built Mathlib.Analysis.Complex.Arg (2.0s)
✔ [3178/3521] Built Mathlib.MeasureTheory.Measure.Count (3.1s)
✔ [3179/3521] Built Mathlib.Probability.ProbabilityMassFunction.Basic (3.1s)
✔ [3180/3521] Built Mathlib.MeasureTheory.Measure.AEMeasurable (3.5s)
✔ [3181/3521] Built Mathlib.RingTheory.RootsOfUnity.Minpoly (3.2s)
✔ [3182/3521] Built Mathlib.Topology.Algebra.Module.Spaces.ContinuousLinearMap (22s)
✔ [3183/3521] Built Mathlib.Analysis.SpecialFunctions.Pow.Complex (3.9s)
✔ [3184/3521] Built Mathlib.RingTheory.RootsOfUnity.Complex (3.9s)
✔ [3185/3521] Built Mathlib.Probability.ProbabilityMassFunction.Monad (3.5s)
✔ [3186/3521] Built Mathlib.MeasureTheory.Order.Lattice (3.4s)
✔ [3187/3521] Built Mathlib.Dynamics.Ergodic.MeasurePreserving (3.6s)
✔ [3188/3521] Built Mathlib.FieldTheory.Extension (8.2s)
✔ [3189/3521] Built Mathlib.NumberTheory.MulChar.Lemmas (3.7s)
✔ [3190/3521] Built Mathlib.Analysis.SpecialFunctions.Trigonometric.Complex (4.6s)
✔ [3191/3521] Built Mathlib.MeasureTheory.Group.Arithmetic (8.6s)
✔ [3192/3521] Built Mathlib.Topology.Algebra.Valued.ValuedField (20s)
✔ [3193/3521] Built Mathlib.Analysis.SpecialFunctions.Pow.Real (6.5s)
✔ [3194/3521] Built Mathlib.FieldTheory.Normal.Basic (6.1s)
✔ [3195/3521] Built Mathlib.Analysis.LocallyConvex.SeparatingDual (8.0s)
✔ [3196/3521] Built Mathlib.Analysis.SpecialFunctions.Trigonometric.Arctan (4.0s)
✔ [3197/3521] Built Mathlib.FieldTheory.IsAlgClosed.Basic (7.8s)
✔ [3198/3521] Built Mathlib.MeasureTheory.Group.Pointwise (3.1s)
✔ [3199/3521] Built Mathlib.Analysis.Convex.SpecificFunctions.Basic (3.7s)
✔ [3200/3521] Built Mathlib.Analysis.Normed.Operator.Basic (12s)
✔ [3201/3521] Built Mathlib.Tactic.NormNum.Irrational (5.1s)
✔ [3202/3521] Built Mathlib.MeasureTheory.Constructions.BorelSpace.Basic (6.5s)
✔ [3203/3521] Built Mathlib.Topology.Algebra.Module.Multilinear.Topology (14s)
✔ [3204/3521] Built Mathlib.MeasureTheory.Group.MeasurableEquiv (7.2s)
✔ [3205/3521] Built Mathlib.FieldTheory.Normal.Closure (5.8s)
✔ [3206/3521] Built Mathlib.Analysis.SpecialFunctions.Pow.NNReal (7.1s)
✔ [3207/3521] Built Mathlib.Analysis.Normed.Operator.Asymptotics (3.6s)
✔ [3208/3521] Built Mathlib.FieldTheory.PrimitiveElement (6.5s)
✔ [3209/3521] Built Mathlib.FieldTheory.IsAlgClosed.AlgebraicClosure (6.9s)
✔ [3210/3521] Built Mathlib.MeasureTheory.Constructions.BorelSpace.Complex (2.9s)
✔ [3211/3521] Built Mathlib.MeasureTheory.Constructions.BorelSpace.Metric (3.3s)
✔ [3212/3521] Built Mathlib.MeasureTheory.Measure.OpenPos (3.4s)
✔ [3213/3521] Built Mathlib.Analysis.Normed.Operator.NNNorm (5.9s)
✔ [3214/3521] Built Mathlib.MeasureTheory.Constructions.BorelSpace.Order (6.9s)
✔ [3215/3521] Built Mathlib.FieldTheory.AlgebraicClosure (5.5s)
✔ [3216/3521] Built Mathlib.Analysis.SpecialFunctions.Pow.Asymptotics (4.7s)
✔ [3217/3521] Built Mathlib.MeasureTheory.Measure.Regular (6.2s)
✔ [3218/3521] Built Mathlib.Analysis.MeanInequalitiesPow (6.5s)
✔ [3219/3521] Built Mathlib.FieldTheory.Minpoly.MinpolyDiv (5.2s)
✔ [3220/3521] Built Mathlib.RingTheory.Norm.Basic (4.0s)
✔ [3221/3521] Built Mathlib.Topology.ContinuousMap.Bounded.Normed (13s)
✔ [3222/3521] Built Mathlib.Analysis.Normed.Operator.Extend (13s)
✔ [3223/3521] Built Mathlib.Analysis.MeanInequalities (10s)
✔ [3224/3521] Built Mathlib.MeasureTheory.Function.AEMeasurableOrder (4.3s)
✔ [3225/3521] Built Mathlib.MeasureTheory.Measure.Stieltjes (6.3s)
✔ [3226/3521] Built Mathlib.MeasureTheory.Constructions.BorelSpace.Real (4.8s)
✔ [3227/3521] Built Mathlib.Tactic.ComputeAsymptotics.Multiseries.Majorized (4.0s)
✔ [3228/3521] Built Mathlib.RingTheory.AlgebraicIndependent.AlgebraicClosure (5.5s)
✔ [3229/3521] Built Mathlib.Topology.Algebra.Module.Alternating.Topology (15s)
✔ [3230/3521] Built Mathlib.Analysis.SpecialFunctions.Pow.Continuity (6.8s)
✔ [3231/3521] Built Mathlib.MeasureTheory.Function.SimpleFunc (10s)
✔ [3232/3521] Built Mathlib.Topology.ContinuousMap.Bounded.Star (3.7s)
✔ [3233/3521] Built Mathlib.MeasureTheory.Constructions.BorelSpace.Metrizable (2.9s)
✔ [3234/3521] Built Mathlib.MeasureTheory.Function.SpecialFunctions.Basic (3.5s)
✔ [3235/3521] Built Mathlib.MeasureTheory.Measure.Content (4.5s)
✔ [3236/3521] Built Mathlib.MeasureTheory.Group.Action (7.1s)
✔ [3237/3521] Built Mathlib.Analysis.Calculus.FDeriv.Basic (17s)
✔ [3238/3521] Built Mathlib.MeasureTheory.Function.SimpleFuncDense (3.1s)
✔ [3239/3521] Built Mathlib.FieldTheory.SeparableDegree (15s)
✔ [3240/3521] Built Mathlib.MeasureTheory.Integral.Lebesgue.Basic (5.3s)
✔ [3241/3521] Built Mathlib.MeasureTheory.Constructions.Polish.Basic (5.4s)
✔ [3242/3521] Built Mathlib.Tactic.ComputeAsymptotics.Multiseries.Defs (8.5s)
✔ [3243/3521] Built Mathlib.Analysis.Calculus.FDeriv.Congr (5.9s)
✔ [3244/3521] Built Mathlib.Analysis.Calculus.FDeriv.RestrictScalars (6.2s)
✔ [3245/3521] Built Mathlib.Analysis.Calculus.FDeriv.OfCompLeft (5.2s)
✔ [3246/3521] Built Mathlib.Topology.ContinuousMap.Compact (8.1s)
✔ [3247/3521] Built Mathlib.Analysis.Calculus.FDeriv.Comp (7.4s)
✔ [3248/3521] Built Mathlib.MeasureTheory.Integral.Lebesgue.Add (4.0s)
✔ [3249/3521] Built Mathlib.MeasureTheory.Integral.Lebesgue.Norm (2.9s)
✔ [3250/3521] Built Mathlib.Tactic.ComputeAsymptotics.Multiseries.Trimming (3.1s)
✔ [3251/3521] Built Mathlib.MeasureTheory.Function.StronglyMeasurable.Basic (7.6s)
✔ [3252/3521] Built Mathlib.Analysis.Normed.Lp.ProdLp (14s)
✔ [3253/3521] Built Mathlib.Tactic.ComputeAsymptotics.Multiseries.Basis (3.7s)
✔ [3254/3521] Built Mathlib.MeasureTheory.Integral.Lebesgue.Map (2.7s)
✔ [3255/3521] Built Mathlib.Analysis.Calculus.FDeriv.Const (5.5s)
✔ [3256/3521] Built Mathlib.Analysis.Normed.Operator.Bilinear (25s)
✔ [3257/3521] Built Mathlib.MeasureTheory.Integral.Lebesgue.Markov (3.1s)
✔ [3258/3521] Built Mathlib.MeasureTheory.Integral.Lebesgue.Sub (3.3s)
✔ [3259/3521] Built Mathlib.MeasureTheory.Integral.MeanInequalities (4.7s)
✔ [3260/3521] Built Mathlib.MeasureTheory.Function.Egorov (3.7s)
✔ [3261/3521] Built Mathlib.Topology.MetricSpace.UniformConvergence (6.6s)
✔ [3262/3521] Built Mathlib.Tactic.ComputeAsymptotics.Multiseries.Monomial.Basic (3.7s)
✔ [3263/3521] Built Mathlib.Tactic.ComputeAsymptotics.Multiseries.Basic (4.5s)
✔ [3264/3521] Built Mathlib.MeasureTheory.Constructions.BorelSpace.ContinuousLinearMap (4.0s)
✔ [3265/3521] Built Mathlib.MeasureTheory.Integral.Lebesgue.Countable (4.2s)
✔ [3266/3521] Built Mathlib.Topology.ContinuousMap.ContinuousMapZero (10s)
✔ [3267/3521] Built Mathlib.MeasureTheory.Function.StronglyMeasurable.AEStronglyMeasurable (7.5s)
✔ [3268/3521] Built Mathlib.MeasureTheory.Integral.Lebesgue.DominatedConvergence (3.6s)
✔ [3269/3521] Built Mathlib.FieldTheory.SeparableClosure (17s)
✔ [3270/3521] Built Mathlib.MeasureTheory.Measure.GiryMonad (3.1s)
✔ [3271/3521] Built Mathlib.MeasureTheory.Function.StronglyMeasurable.ENNReal (2.8s)
✔ [3272/3521] Built Mathlib.Tactic.ComputeAsymptotics.Multiseries.Corecursion (5.0s)
✔ [3273/3521] Built Mathlib.Analysis.Normed.Operator.NormedSpace (9.2s)
✔ [3274/3521] Built Mathlib.MeasureTheory.Constructions.Polish.StronglyMeasurable (3.9s)
✔ [3275/3521] Built Mathlib.Probability.Kernel.Defs (4.1s)
✔ [3276/3521] Built Mathlib.Analysis.Calculus.Deriv.Basic (13s)
✔ [3277/3521] Built Mathlib.Analysis.Normed.Module.RCLike.Basic (3.9s)
✔ [3278/3521] Built Mathlib.MeasureTheory.Function.AEEqFun (7.7s)
✔ [3279/3521] Built Mathlib.Analysis.Normed.Module.Completion (4.2s)
✔ [3280/3521] Built Mathlib.MeasureTheory.Measure.Prod (7.0s)
✔ [3281/3521] Built Mathlib.Analysis.Normed.Lp.PiLp (18s)
✔ [3282/3521] Built Mathlib.Probability.Kernel.Basic (4.1s)
✔ [3283/3521] Built Mathlib.Analysis.Calculus.Deriv.Support (3.1s)
✔ [3284/3521] Built Mathlib.FieldTheory.Galois.Basic (9.5s)
✔ [3285/3521] Built Mathlib.Analysis.Normed.Module.RieszLemma (3.7s)
✔ [3286/3521] Built Mathlib.Probability.Kernel.MeasurableLIntegral (2.8s)
✔ [3287/3521] Built Mathlib.MeasureTheory.Group.Convolution (4.1s)
✔ [3288/3521] Built Mathlib.Probability.Kernel.Composition.CompNotation (2.6s)
✔ [3289/3521] Built Mathlib.Analysis.Normed.Lp.Matrix (4.7s)
✔ [3290/3521] Built Mathlib.Probability.Kernel.Composition.MapComap (4.6s)
✔ [3291/3521] Built Mathlib.Probability.Independence.Kernel.Indep (4.6s)
✔ [3292/3521] Built Mathlib.Analysis.Normed.Operator.Mul (12s)
✔ [3293/3521] Built Mathlib.FieldTheory.Galois.GaloisClosure (5.1s)
✔ [3294/3521] Built Mathlib.MeasureTheory.Group.Measure (9.1s)
✔ [3295/3521] Built Mathlib.RingTheory.Norm.Transitivity (5.4s)
✔ [3296/3521] Built Mathlib.FieldTheory.KrullTopology (5.5s)
✔ [3297/3521] Built Mathlib.FieldTheory.IsSepClosed (4.7s)
✔ [3298/3521] Built Mathlib.Probability.Kernel.Composition.Comp (3.8s)
✔ [3299/3521] Built Mathlib.Probability.Kernel.Composition.ParallelComp (3.4s)
✔ [3300/3521] Built Mathlib.Analysis.Calculus.Deriv.Comp (12s)
✔ [3301/3521] Built Mathlib.Analysis.Normed.Operator.Banach (17s)
✔ [3302/3521] Built Mathlib.MeasureTheory.Group.LIntegral (3.3s)
✔ [3303/3521] Built Mathlib.Probability.Kernel.Composition.CompMap (2.8s)
✔ [3304/3521] Built Mathlib.FieldTheory.Finite.GaloisField (4.6s)
✔ [3305/3521] Built Mathlib.Probability.Kernel.Composition.CompProd (4.7s)
✔ [3306/3521] Built Mathlib.MeasureTheory.Group.Prod (6.6s)
✔ [3307/3521] Built Mathlib.MeasureTheory.Constructions.Pi (7.5s)
✔ [3308/3521] Built Mathlib.FieldTheory.Galois.Infinite (6.9s)
✔ [3309/3521] Built Mathlib.Probability.Kernel.Composition.Prod (3.8s)
✔ [3310/3521] Built Mathlib.Analysis.Normed.Module.FiniteDimension (11s)
✔ [3311/3521] Built Mathlib.Analysis.Normed.Module.Multilinear.Basic (33s)
✔ [3312/3521] Built Mathlib.FieldTheory.PurelyInseparable.Basic (7.0s)
✔ [3313/3521] Built Mathlib.Probability.UniformOn (2.0s)
✔ [3314/3521] Built Mathlib.Analysis.LConvolution (3.8s)
✔ [3315/3521] Built Mathlib.FieldTheory.Galois.Abelian (3.2s)
✔ [3316/3521] Built Mathlib.Probability.Kernel.Composition.KernelLemmas (2.8s)
✔ [3317/3521] Built Mathlib.MeasureTheory.Integral.Marginal (4.0s)
✔ [3318/3521] Built Mathlib.Analysis.Calculus.InverseFunctionTheorem.ApproximatesLinearOn (9.6s)
✔ [3319/3521] Built Mathlib.MeasureTheory.Measure.Haar.Basic (5.8s)
✔ [3320/3521] Built Mathlib.Analysis.RCLike.Lemmas (3.8s)
✔ [3321/3521] Built Mathlib.Analysis.Normed.Operator.CompleteCodomain (4.2s)
✔ [3322/3521] Built Mathlib.MeasureTheory.Function.EssSup (3.3s)
✔ [3323/3521] Built Mathlib.MeasureTheory.Measure.WithDensity (4.9s)
✔ [3324/3521] Built Mathlib.MeasureTheory.Function.LpSeminorm.Defs (2.1s)
✔ [3325/3521] Built Mathlib.RingTheory.Trace.Basic (5.9s)
✔ [3326/3521] Built Mathlib.MeasureTheory.Function.AEEqOfLIntegral (2.5s)
✔ [3327/3521] Built Mathlib.FieldTheory.Finite.Trace (2.2s)
✔ [3328/3521] Built Mathlib.Analysis.Normed.Operator.BoundedLinearMaps (8.5s)
✔ [3329/3521] Built Mathlib.MeasureTheory.Function.L1Space.HasFiniteIntegral (3.7s)
✔ [3330/3521] Built Mathlib.RingTheory.DedekindDomain.IntegralClosure (3.5s)
✔ [3331/3521] Built Mathlib.Analysis.InnerProductSpace.Continuous (2.0s)
✔ [3332/3521] Built Mathlib.MeasureTheory.Function.StronglyMeasurable.Lemmas (3.3s)
✔ [3333/3521] Built Mathlib.Analysis.Calculus.FDeriv.Linear (3.4s)
✔ [3334/3521] Built Mathlib.Analysis.Normed.Module.Alternating.Basic (13s)
✔ [3335/3521] Built Mathlib.MeasureTheory.Function.LpSeminorm.Basic (6.8s)
✔ [3336/3521] Built Mathlib.MeasureTheory.Measure.Decomposition.Lebesgue (5.2s)
✔ [3337/3521] Built Mathlib.Analysis.Calculus.Deriv.Linear (2.0s)
✔ [3338/3521] Built Mathlib.NumberTheory.NumberField.Basic (6.0s)
✔ [3339/3521] Built Mathlib.MeasureTheory.Function.LpSeminorm.ChebyshevMarkov (3.0s)
✔ [3340/3521] Built Mathlib.MeasureTheory.Function.LpSeminorm.TriangleInequality (3.5s)
✔ [3341/3521] Built Mathlib.MeasureTheory.Function.LpSeminorm.Indicator (3.8s)
✔ [3342/3521] Built Mathlib.MeasureTheory.Function.LpSeminorm.Monotonicity (3.0s)
✔ [3343/3521] Built Mathlib.Probability.Kernel.Composition.MeasureCompProd (3.7s)
✔ [3344/3521] Built Mathlib.Analysis.Normed.Module.Multilinear.Curry (19s)
✔ [3345/3521] Built Mathlib.Probability.Kernel.Composition.MeasureComp (2.3s)
✔ [3346/3521] Built Mathlib.MeasureTheory.Function.LpSeminorm.SMul (2.9s)
✔ [3347/3521] Built Mathlib.Analysis.InnerProductSpace.LinearMap (11s)
✔ [3348/3521] Built Mathlib.MeasureTheory.Function.LpSeminorm.CompareExp (3.8s)
✔ [3349/3521] Built Mathlib.Topology.Algebra.Valued.WithVal (8.9s)
✔ [3350/3521] Built Mathlib.Probability.Independence.Kernel.IndepFun (5.6s)
✔ [3351/3521] Built Mathlib.Analysis.Calculus.FormalMultilinearSeries (9.0s)
✔ [3352/3521] Built Mathlib.Analysis.Calculus.FDeriv.Add (15s)
✔ [3353/3521] Built Mathlib.Analysis.InnerProductSpace.Orthonormal (4.6s)
✔ [3354/3521] Built Mathlib.Probability.Independence.Basic (4.9s)
✔ [3355/3521] Built Mathlib.Analysis.Calculus.FDeriv.Prod (18s)
✔ [3356/3521] Built Mathlib.Analysis.Calculus.FDeriv.Affine (3.2s)
✔ [3357/3521] Built Mathlib.Analysis.InnerProductSpace.Subspace (4.4s)
✔ [3358/3521] Built Mathlib.Analysis.Calculus.Deriv.Add (6.1s)
✔ [3359/3521] Built Mathlib.Analysis.Calculus.FDeriv.Bilinear (5.4s)
✔ [3360/3521] Built Mathlib.Analysis.Calculus.Deriv.Prod (6.8s)
✔ [3361/3521] Built Mathlib.Analysis.Calculus.Deriv.AffineMap (3.6s)
✔ [3362/3521] Built Mathlib.Analysis.Calculus.LocalExtr.Basic (3.9s)
✔ [3363/3521] Built Mathlib.Analysis.Calculus.Deriv.Slope (4.3s)
✔ [3364/3521] Built Mathlib.RingTheory.DedekindDomain.AdicValuation (14s)
✔ [3365/3521] Built Mathlib.MeasureTheory.Function.LpSpace.Basic (15s)
✔ [3366/3521] Built Mathlib.Analysis.Calculus.FDeriv.Equiv (12s)
✔ [3367/3521] Built Mathlib.Analysis.Calculus.LocalExtr.Rolle (2.3s)
✔ [3368/3521] Built Mathlib.Analysis.InnerProductSpace.Orthogonal (7.9s)
✔ [3369/3521] Built Mathlib.Analysis.Analytic.ConvergenceRadius (12s)
✔ [3370/3521] Built Mathlib.MeasureTheory.Function.LpSpace.Complete (4.2s)
✔ [3371/3521] Built Mathlib.FieldTheory.RatFunc.AsPolynomial (5.6s)
✔ [3372/3521] Built Mathlib.Analysis.Calculus.Deriv.Inverse (4.9s)
✔ [3373/3521] Built Mathlib.MeasureTheory.Function.LpSpace.Indicator (6.3s)
✔ [3374/3521] Built Mathlib.Analysis.Calculus.InverseFunctionTheorem.FDeriv (6.4s)
✔ [3375/3521] Built Mathlib.Analysis.Analytic.OfScalars (6.0s)
✔ [3376/3521] Built Mathlib.Analysis.InnerProductSpace.Symmetric (7.6s)
✔ [3377/3521] Built Mathlib.Analysis.Calculus.FDeriv.Measurable (10s)
✔ [3378/3521] Built Mathlib.MeasureTheory.Function.ConvergenceInMeasure (5.5s)
✔ [3379/3521] Built Mathlib.Analysis.Calculus.InverseFunctionTheorem.Deriv (3.5s)
✔ [3380/3521] Built Mathlib.RingTheory.Polynomial.Cyclotomic.Basic (5.4s)
✔ [3381/3521] Built Mathlib.MeasureTheory.Function.LpOrder (2.3s)
✔ [3382/3521] Built Mathlib.RingTheory.Polynomial.Cyclotomic.Roots (2.9s)
✔ [3383/3521] Built Mathlib.RingTheory.Polynomial.Cyclotomic.Expand (3.0s)
✔ [3384/3521] Built Mathlib.RingTheory.Polynomial.Cyclotomic.Eval (4.1s)
✔ [3385/3521] Built Mathlib.Analysis.Calculus.FDeriv.CompCLM (21s)
✔ [3386/3521] Built Mathlib.Analysis.InnerProductSpace.Projection.Basic (9.9s)
✔ [3387/3521] Built Mathlib.MeasureTheory.Function.L1Space.Integrable (8.9s)
✔ [3388/3521] Built Mathlib.Analysis.InnerProductSpace.Projection.Reflection (3.9s)
✔ [3389/3521] Built Mathlib.Analysis.InnerProductSpace.Projection.Submodule (4.0s)
✔ [3390/3521] Built Mathlib.NumberTheory.Cyclotomic.Basic (9.5s)
✔ [3391/3521] Built Mathlib.Analysis.Analytic.Basic (22s)
✔ [3392/3521] Built Mathlib.MeasureTheory.Function.L1Space.AEEqFun (3.5s)
✔ [3393/3521] Built Mathlib.MeasureTheory.Integral.IntegrableOn (4.6s)
✔ [3394/3521] Built Mathlib.NumberTheory.Cyclotomic.PrimitiveRoots (4.9s)
✔ [3395/3521] Built Mathlib.Analysis.InnerProductSpace.Projection.FiniteDimensional (6.5s)
✔ [3396/3521] Built Mathlib.Analysis.Analytic.ChangeOrigin (7.6s)
✔ [3397/3521] Built Mathlib.MeasureTheory.Function.LocallyIntegrable (5.6s)
✔ [3398/3521] Built Mathlib.NumberTheory.LegendreSymbol.AddCharacter (3.5s)
✔ [3399/3521] Built Mathlib.MeasureTheory.Function.SimpleFuncDenseLp (9.1s)
✔ [3400/3521] Built Mathlib.NumberTheory.GaussSum (5.3s)
✔ [3401/3521] Built Mathlib.Analysis.Normed.Algebra.Exponential (6.8s)
✔ [3402/3521] Built Mathlib.Analysis.Calculus.ContDiff.FTaylorSeries (21s)
✔ [3403/3521] Built Mathlib.NumberTheory.LegendreSymbol.QuadraticChar.GaussSum (3.7s)
✔ [3404/3521] Built Mathlib.MeasureTheory.Integral.FinMeasAdditive (7.3s)
✔ [3405/3521] Built Mathlib.Analysis.Analytic.CPolynomialDef (11s)
✔ [3406/3521] Built Mathlib.NumberTheory.LegendreSymbol.QuadraticReciprocity (2.6s)
✔ [3407/3521] Built Mathlib.NumberTheory.LegendreSymbol.JacobiSymbol (3.6s)
✔ [3408/3521] Built Mathlib.Analysis.Analytic.Linear (5.0s)
✔ [3409/3521] Built Mathlib.Tactic.NormNum.LegendreSymbol (3.1s)
✔ [3410/3521] Built Mathlib.Analysis.InnerProductSpace.PiL2 (20s)
✔ [3411/3521] Built Mathlib.Tactic (2.4s)
✔ [3412/3521] Built Mathlib.Analysis.Analytic.Composition (11s)
✔ [3413/3521] Built Mathlib.MeasureTheory.Measure.Haar.OfBasis (5.1s)
✔ [3414/3521] Built Mathlib.MeasureTheory.Measure.Lebesgue.Basic (3.9s)
✔ [3415/3521] Built Mathlib.MeasureTheory.Integral.SetToL1 (19s)
✔ [3416/3521] Built Mathlib.Analysis.Analytic.Inverse (8.2s)
✔ [3417/3521] Built ResourceAware.Foundations.PriorityQueue.DataStructure (12s)
✔ [3418/3521] Built Mathlib.MeasureTheory.Measure.Lebesgue.EqHaar (6.8s)
✔ [3419/3521] Built ResourceAware.Foundations.PriorityQueue.Algorithm (4.4s)
✔ [3420/3521] Built Mathlib.MeasureTheory.Integral.Bochner.L1 (8.2s)
✔ [3421/3521] Built Mathlib.Analysis.Analytic.Constructions (18s)
✔ [3422/3521] Built ResourceAware.Foundations.PriorityQueue.Checked (4.0s)
✔ [3423/3521] Built ResourceAware.Foundations.PriorityQueue.ResourceModel (5.2s)
✔ [3424/3521] Built TextbookAlgorithms.KleinbergTardos.Chapter04.Dijkstra.Algorithm (5.4s)
✔ [3425/3521] Built Mathlib.Analysis.Analytic.Within (2.9s)
✔ [3426/3521] Built Mathlib.Analysis.Analytic.Uniqueness (3.7s)
✔ [3427/3521] Built Mathlib.MeasureTheory.Integral.Bochner.Basic (8.4s)
✔ [3428/3521] Built ResourceAware.Foundations.PriorityQueue.Complexity (4.4s)
✔ [3429/3521] Built TextbookAlgorithms.KleinbergTardos.Chapter04.Dijkstra.ResourceModel (5.1s)
✔ [3430/3521] Built Mathlib.MeasureTheory.Integral.Bochner.SumMeasure (3.2s)
✔ [3431/3521] Built Mathlib.MeasureTheory.Integral.Bochner.VitaliCaratheodory (3.6s)
✔ [3432/3521] Built Mathlib.Probability.Distributions.Bernoulli (3.0s)
✔ [3433/3521] Built Mathlib.Analysis.Analytic.CPolynomial (10s)
✔ [3434/3521] Built Mathlib.Probability.ProbabilityMassFunction.Constructions (4.2s)
✔ [3435/3521] Built ResourceAware.Foundations.PriorityQueue.Correctness (8.4s)
✔ [3436/3521] Built ResourceAware.Program.RandCostM (2.7s)
✔ [3437/3521] Built Mathlib.MeasureTheory.Integral.Bochner.Set (9.3s)
✔ [3438/3521] Built ResourceAware.Foundations.PriorityQueue (4.4s)
✔ [3439/3521] Built Mathlib.MeasureTheory.Integral.Bochner.FundThmCalculus (2.5s)
✔ [3440/3521] Built Mathlib.MeasureTheory.Integral.Bochner.ContinuousLinearMap (6.0s)
✔ [3441/3521] Built TextbookAlgorithms.KleinbergTardos.Chapter04.Dijkstra.Correctness (9.3s)
✔ [3442/3521] Built Mathlib.Analysis.Calculus.FDeriv.Analytic (16s)
✔ [3443/3521] Built Mathlib.MeasureTheory.Measure.Decomposition.RadonNikodym (6.3s)
ℹ [3444/3521] Built Examples.Infrastructure.PriorityQueue (12s)
info: Examples/Infrastructure/PriorityQueue.lean:249:0: [{ name := 3, key := 1 }, { name := 1, key := 7 }, { name := 2, key := 8 }, { name := 0, key := 9 }]
info: Examples/Infrastructure/PriorityQueue.lean:250:0: [{ name := 4, key := 3 },
 { name := 7, key := 6 },
 { name := 5, key := 4 },
 { name := 0, key := 9 },
 { name := 1, key := 7 },
 { name := 2, key := 8 },
 { name := 6, key := 5 }]
info: Examples/Infrastructure/PriorityQueue.lean:251:0: [{ name := 0, key := 0 },
 { name := 3, key := 1 },
 { name := 5, key := 4 },
 { name := 4, key := 3 },
 { name := 1, key := 7 },
 { name := 2, key := 8 },
 { name := 6, key := 5 },
 { name := 7, key := 6 }]
info: Examples/Infrastructure/PriorityQueue.lean:252:0: [{ name := 4, key := 3 },
 { name := 7, key := 6 },
 { name := 5, key := 4 },
 { name := 0, key := 9 },
 { name := 1, key := 7 },
 { name := 2, key := 8 },
 { name := 6, key := 5 },
 { name := 3, key := 20 }]
✔ [3445/3521] Built Mathlib.Probability.Density (6.1s)
✔ [3446/3521] Built TextbookAlgorithms.KleinbergTardos.Chapter04.Dijkstra.Complexity (12s)
✔ [3447/3521] Built Mathlib.MeasureTheory.Integral.Average (13s)
✔ [3448/3521] Built Mathlib.Analysis.SpecialFunctions.Exponential (11s)
✔ [3449/3521] Built Mathlib.MeasureTheory.Integral.IntervalIntegral.Basic (14s)
✔ [3450/3521] Built Mathlib.Probability.Distributions.Uniform (6.3s)
✔ [3451/3521] Built Mathlib.MeasureTheory.Covering.Differentiation (5.6s)
✔ [3452/3521] Built Mathlib.Analysis.SumIntegralComparisons (6.6s)
✔ [3453/3521] Built Mathlib.MeasureTheory.Integral.DominatedConvergence (8.0s)
✔ [3454/3521] Built Examples.Infrastructure.RandCostM (6.8s)
✔ [3455/3521] Built Mathlib.MeasureTheory.Covering.Besicovitch (8.9s)
✔ [3456/3521] Built TextbookAlgorithms.KleinbergTardos.Chapter04.Dijkstra (16s)
✔ [3457/3521] Built ResourceAware.Program.Randomized (11s)
✔ [3458/3521] Built Mathlib.MeasureTheory.Integral.IntervalIntegral.FundThmCalculus (11s)
✔ [3459/3521] Built Mathlib.Analysis.Calculus.ContDiff.Defs (32s)
✔ [3460/3521] Built Mathlib.Analysis.Calculus.ContDiff.FaaDiBruno (32s)
✔ [3461/3521] Built Mathlib.MeasureTheory.Covering.BesicovitchVectorSpace (8.0s)
ℹ [3462/3521] Built Examples.Algorithms.Dijkstra (23s)
info: Examples/Algorithms/Dijkstra.lean:274:0: [some 0, some 2, some 5, some 6, some 8]
info: Examples/Algorithms/Dijkstra.lean:275:0: [some 0, some 2, some 2]
info: Examples/Algorithms/Dijkstra.lean:455:0: true
✔ [3463/3521] Built ResourceAware (6.2s)
✔ [3465/3521] Built Examples.Infrastructure (10s)
✔ [3466/3521] Built Mathlib.MeasureTheory.Function.Jacobian (5.3s)
✔ [3467/3521] Built Mathlib.Analysis.Calculus.FDeriv.Mul (39s)
✔ [3468/3521] Built Mathlib.Analysis.Calculus.ContDiff.Basic (8.5s)
✔ [3469/3521] Built Mathlib.Analysis.Calculus.DSlope (2.4s)
✔ [3470/3521] Built TextbookAlgorithms.KleinbergTardos.Chapter13.RandomizedQuicksort.Interpreters (16s)
✔ [3471/3521] Built Mathlib.Analysis.Calculus.FDeriv.Pow (4.0s)
✔ [3472/3521] Built Mathlib.Analysis.Analytic.IsolatedZeros (4.8s)
✔ [3473/3521] Built Mathlib.Analysis.Calculus.Deriv.Pow (2.9s)
✔ [3474/3521] Built Mathlib.Analysis.Calculus.ContDiff.Comp (6.0s)
✔ [3475/3521] Built TextbookAlgorithms.KleinbergTardos.Chapter13.RandomizedQuicksort.Correctness (3.8s)
✔ [3476/3521] Built Mathlib.Analysis.Calculus.ContDiff.Deriv (2.5s)
✔ [3477/3521] Built Mathlib.Analysis.Calculus.Deriv.Mul (10s)
✔ [3478/3521] Built Mathlib.Analysis.Calculus.Deriv.CompMul (2.3s)
✔ [3479/3521] Built Mathlib.Analysis.Calculus.Deriv.MeanValue (3.4s)
✔ [3480/3521] Built Mathlib.Analysis.Calculus.IteratedDeriv.Defs (3.9s)
✔ [3481/3521] Built Mathlib.Analysis.Calculus.Deriv.Inv (3.8s)
✔ [3482/3521] Built Mathlib.Analysis.Calculus.Deriv.Shift (2.5s)
✔ [3483/3521] Built Mathlib.Analysis.Calculus.InverseFunctionTheorem.Analytic (2.3s)
✔ [3484/3521] Built Mathlib.Analysis.Calculus.MeanValue (6.9s)
✔ [3485/3521] Built Mathlib.Analysis.Convex.Deriv (4.5s)
✔ [3486/3521] Built Mathlib.MeasureTheory.Function.JacobianOneDim (4.7s)
✔ [3487/3521] Built Mathlib.Analysis.Calculus.Deriv.ZPow (3.7s)
✔ [3488/3521] Built Mathlib.Analysis.Calculus.ContDiff.RCLike (3.3s)
✔ [3489/3521] Built Mathlib.Analysis.Calculus.FDeriv.Extend (3.4s)
✔ [3490/3521] Built Mathlib.Analysis.Calculus.LogDeriv (3.2s)
✔ [3491/3521] Built Mathlib.MeasureTheory.Integral.IntervalIntegral.IntegrationByParts (4.9s)
✔ [3492/3521] Built Mathlib.Analysis.Calculus.ContDiff.Operations (17s)
✔ [3493/3521] Built Mathlib.Analysis.SpecialFunctions.Sqrt (2.7s)
✔ [3494/3521] Built Mathlib.Analysis.Complex.RealDeriv (2.0s)
✔ [3495/3521] Built Mathlib.Analysis.Calculus.IteratedDeriv.Lemmas (12s)
✔ [3496/3521] Built Mathlib.Analysis.SpecialFunctions.ExpDeriv (3.2s)
✔ [3497/3521] Built Mathlib.Analysis.Analytic.Order (4.7s)
✔ [3498/3521] Built Mathlib.Analysis.SpecialFunctions.Trigonometric.Deriv (4.1s)
✔ [3499/3521] Built Mathlib.Analysis.SpecialFunctions.Log.Deriv (5.6s)
✔ [3500/3521] Built Mathlib.Analysis.SpecialFunctions.Trigonometric.ComplexDeriv (2.0s)
✔ [3501/3521] Built Mathlib.Analysis.Convex.SpecificFunctions.Deriv (2.0s)
✔ [3502/3521] Built Mathlib.Analysis.SpecialFunctions.Log.NegMulLog (3.1s)
✔ [3503/3521] Built Mathlib.Analysis.Complex.ExponentialBounds (3.1s)
✔ [3504/3521] Built Mathlib.Analysis.SpecialFunctions.Trigonometric.ArctanDeriv (3.1s)
✔ [3505/3521] Built Mathlib.Analysis.SpecialFunctions.NonIntegrable (3.9s)
✔ [3506/3521] Built Mathlib.Analysis.SpecialFunctions.Trigonometric.Bounds (2.5s)
✔ [3507/3521] Built Mathlib.Analysis.Meromorphic.Basic (10s)
✔ [3508/3521] Built Mathlib.Analysis.SpecialFunctions.Trigonometric.Sinc (2.1s)
✔ [3509/3521] Built Mathlib.Analysis.SpecialFunctions.Complex.LogDeriv (2.3s)
✔ [3510/3521] Built Mathlib.Analysis.SpecialFunctions.Pow.Deriv (4.5s)
✔ [3511/3521] Built Mathlib.Analysis.SpecialFunctions.Integrability.Basic (2.6s)
✔ [3512/3521] Built Mathlib.Analysis.SpecialFunctions.Integrals.Basic (3.6s)
✔ [3513/3521] Built Mathlib.NumberTheory.Harmonic.Bounds (2.4s)
✔ [3514/3521] Built TextbookAlgorithms.KleinbergTardos.Chapter13.RandomizedQuicksort.Complexity (10s)
✔ [3515/3521] Built TextbookAlgorithms.KleinbergTardos.Chapter13.RandomizedQuicksort (3.6s)
✔ [3516/3521] Built Examples.Algorithms.RandomizedQuicksort (4.2s)
✔ [3517/3521] Built TextbookAlgorithms (6.7s)
✔ [3519/3521] Built Examples.Algorithms (6.1s)
✔ [3520/3521] Built Examples (4.6s)
Build completed successfully (3521 jobs).
